1;2;Vejam bem, maioria dos homens apoiam. maioria de mulheres não. Homens tendem a serem lógicos, mulheres emotivas. Sera que mulheres acham que rodeios é judiação de animais? O que é claramente equivocado da parte delas. Como também isso se repete na PL3722, homens pensam logicamente, e são mais favorável ao cidadão ter menos restrições a armas de fogo para proteger seu patrimônio e sua família. Ja as mães, familiares, namoradas(os), principalmente de bandidos, acham isso um terror, por que qual mãe quer ver o filho bandido morto praticando um assalto? Logo são contra o direito das vitimas de si proteger do seu filho bandido. Vote consciente, vote com razão e não emoção! Brasil melhora rapidinho. 
2;2;Observando daquí, a debandada dos derrotados. Cadê o Sacoman Keffeyo, a Ana Animais e, o pilantra do Haroldo Girafales? Perderam a coragem de virem aquí na enquete, questionar a sanção do PL?  Corvardões perdedores: vão chorar no colinho da Luisa Mell.  
3;1;Dezenas de debates e ficou mais que provado que animais atletas nao sao animais maus tratados,parabens capitao augusto. 
4;1;PARABÉNS CAPITÃO AUGUSTO ISSO PROVA QUE QUEM AMA CUIDA,ANIMAIS TRATADOS COM MUITO CARINHO 
7;1;Parabéns Capitão Augusto,agora é lei. 
8;1;PARABÉNS CAPITÃO AUGUSTO A NAÇÃO SERTANEJA ESTÁ COM VOCÊ. 
9;2;Sem noção é essas pessoas que nunca viram um animal de perto vir aqui falar tanta besteiras,,que animais tem seus testículos apertados,,que sofrem muito e trabalham até morrerem de cansaço,,vamos conhecer de perto como vivem e para onde iriam esses animas se não fossem usados no esporte. 
10;2;Ridiculo !!!!!! 
12;2;quem não  tem senso de prioridade é vc seu besta,,atores da globo falando que entre um polícial  e um traficante escolheriam salvar o traficante primeiro,,bandidos derrubando helicoptero da policia,,outros espulsando policiais maus armadas das cidades pra assaltarem banco,,vem vc aqui em falar em acabar com um esporte  ,vai te catar 
15;1;Capitão augusto sendo homenageado em Cravinhos,,pareabéns capitão augusto. 
16;1;Capitão augusto,,pode contar com o voto do povo sertanejo nas proximas eleiçoes,,muito obrigado ! 
17;1;valeu capitão augusto te esperamos na proxima temporada,, seja muito bem vindo aos rodeios. 
18;1;PARABÉNS CAPITÃO AUGUSTO,MARAVILHOSA VITÓRIA. 
20;2;Pela primeira vez, tenho que concordar com o Sacoman. Finalmente ele fez um comentário sensato. O pessoal do rodeio foi em massa à Brasília,  apoiar esta imundície de vaquejada, com o argumento de defender esportes equestres. Ora, vaquejada é crueldade contra os animais, e crueldade jamais será esporte. Como defensor do rodeio profissional fiquei indignado com este apoio absurdo. Não deveriam ter associado à imagem do rodeio à esta insanidade daquí a pouco irão apoiar tourada, farra do boi, briga de galo, em nome de interesses financeiros. O rodeio não precisa de gente deste caráter. Depois dessa, preciso rever meus conceitos, urgentemente  
21;1;PARABÉNS CAPITÃO AUGUSTO,,PROJETO APROVADO NA CAMARA DOS DEPUTADOS E COM MAIORIA ABSOLUTA NO SENADO,,ISSO PROVA QUE NÓS SOMOS OS VERDADEIROS PROTETORES DOS ANIMAIS,,MEUS CAVALOS ESTÃO A DISPOSIÇÃO  PARA QUEM QUISER VER COMO VIVEM E COMO SÃO TRATADOS 
22;2;Pare de ser imbecil e aceite , que se foi aprovado é porque não é tao ilegal como vc imagina.saiba perder. 
24;1;PORQUE SERÁ QUE QUEM CRIA UM GATO OU UM CACHORRO EM CASA ACHA QUE AMA MAIS OS ANIMAIS DO QUEM CRIA UM CAVALO OU UM BOI,,QUEM CRIA CAVALOS OU BOIS TAMBEM CRIAM GATOS E CACHORROS E QUEM INTERAGE COM ANIMAIS O TEMPO TODO COM CERTEZA AMA MUITO MAIS OS ANIMAIS DO QUE AQUELES QUE DIZEM SER PROTETORES DE ANIMAIS. NÓS SIM SOMOS OS VERDADEIROS PROTETORES DE ANIMAIS. 
25;2;Observando daquí o silêncio dos derrotados que, difamaram o rodeio. Não conseguiram provar a existência de maus tratos aos animais de rodeio e, tomaram uma lavada na votação do Senado. Quero ver se estes esquerdopatas comedores de alface, que fazem oposição ao governo Temer, terão coragem de implorar à ele, para que vete este Projeto.  
26;2;Porque sera que as pessoas só querem defender os animais que estao no esporte,,os animais que estao morrendo de fome e sede no sertao da paraiba e no nordeste,não animais ? aqueles sim estão precisando de ajuda. 
30;2;Ana Animais e, Luiz Paulo Sacoman Almeida são a mesma pessoa. Que feio, criar fake, prá usar de expediente sujo. Vocês não precisam disto afinal estão vencendo consideravelmente na pesquisa.   
32;1;nos somos os verdadeiros defensores dos animais,,vcs são aproveitadores que vivem as custas de ongs,,nós convivemos e nos doamos para os animais,,animal maltratado fica feio e não rende e nem vive muito tempo,,quem cuida ama e quem ama respeita. 
33;1;UM PAÍS SEM CULTURA E SEM TRADIÇÃO FICA PERDIDO NA HISTÓRIA. 
35;1;Senhora ana,, va ajudar os animais que realmente estao precisando,,milhares deles estao morrendo de fome e  de sede no pernambuco e no sertao do ceara..os nossos ja mais bem cuidados que sua familia..  mostre seus animais pra nós vamos debater quais vivem melhor..venha conhecer os nossos e nos mostre os seus. 
36;1;se foi aprovado é porque,,nao existe esses maus tratos que os ativistas,, que fogem dos debates dizem ter.. porque sera que toda vez que tem audiencia publica os ativista e seus argumentos vão embora antes de terminar. nos somos os verdadeiros defensores dos animais,,porque criamos e convivemos com eles. 
37;2;ANA DOS ANIMAIS QUE NÃO CUIDA DE ANIMAIS,,ATÉ S ANIMAIS DELA SÃO DELA SÃO DE MENTIRA  
39;2;porq vc não vai nas audiencias publicas e nos debates  expor suas ideias ,,fica ai atraz desse computador só dando palpite azedo 
42;2;ENTAO TEMOS A CERTEZA QUE VC FUMA MACONHA ESTRAGADA,,,QUAL BARRETOS SERA VC VIU,,, CONFORME SE-,,APROVADO NA CAMARA DOS DEPUTADOS E NO SENADO,,VC NÃO É NINGUÉM E NEM TEM LAUDOS TECNICOS QUE PROVE MAUS TRATOS,,NOS DO MUNDO SEETANEJO SOMOS RELMENTE OS VERDADEIROS PROTETORES,,VCS SÓ QUEREM GANHAR DINHEIRO DE ONGS. 
43;2;HIPOCRITA E IGNORANTE É VC DE FALAR COISA QUE NUNCA DEVE TER VISTO DE PERTO,,GRAÇAS A LEIGOS COMO VC QUE AJUDARAM A SER APROVADO TÃO RAPIDAMENTE..CONHEÇA INFORME SE ANTES DE FALAR EM TORTURAS  ESSE NÃO É SEU MUNDO,,FIQUE LENDO LIVROS E NÃO FALE COISAS SEM SABER. 
44;2;Rodeio tem seu público fiel. Não precisamos de platéia, quem precisa de platéia são os artistas que vivem as custas do rodeio. Onde tiver dois cavalos ou 20 touros pulando, nós estaremos lá. Você não entendeu o espírito da coisa, não nos interessa a quantidade de público.  
46;2;Porque sera que os ativistas acham que só eles amam os animais,,quem pagaria caro em um cavalo,,gastaria uma puta grana para mante-lo em uma baia,com ração cara,,gastaria tempo para cuida-lo ,,porque quem tem um cavalo nao tem folga,,tem serviço todo dia,,para depois maltrata-lo,,tenha dó.. 
47;1;Rodeio é patrimônio cultural e econômico!  
50;2;nossa que mulher  louca,,, que vc anda tomando ????? 
51;1;Sou Medico Veterinário, mestre e doutor em Ciências Veterinárias, professor do Bem-estar Animal e apoio o rodeio e provas equestres e digo que a cultura nunca ira acabar por mais radicais incultos exista não vamos deixar isso acontecer. #soumaisrodeio  
52;1;A CULTURA de uma nação e sua TRADIÇÃO, jamais poderá acabar, tantas coisas para se PREOCUPAR, e ainda querem DESEMPREGAR milhões de brasileiros que vivem dessa cultura e desse ESPORTE.  Isso e um ABSURDO. 
53;2;Sacoman está de volta com seu fake. Viva o rodeio em touros e cavalos. E, que as vaquejadas e, as touradas sejam banidas da face da terra elas denigrem a imagem do rodeio, pois têm "ativista" de lan house, que pensa que é a mesma coisa.  
54;2;Fake de Campinas, hein Sacoman!?  Coincidência? Nem disfarça né.  
56;2;QUAL BARRETOS SERA QUE ESSA ALUCINADA VIU ??????????,,CUIDADO COM MACONHA ESTRAGA HEIN !!!!!!! 
58;2;4 agencias bancárias  assaltadas   simultaneamente  e um polícia expulsa da cidade essa noite em capivari sp,,e as pessoas achando que os criminosos desse país são os vagueiros.. um verdadeiro cangaço, e os vagueiros que são tratados como criminosos . 
59;2;com certeza as pessoas que falam aqui não sabem nada do mundo no campo,,ainda acham que apertam saco de boi,,outra falou que colocam cacos de vidros no anus dos cavalos,, se continuarem a falar isso ,,só vai ajudar pra que nunca acabe,, 
61;1;Vivi 11 anos montando em touros e só ví bons tratos. Diferente é o tratamento para o comércio de carnes que visa somente $ e no fim o animal é sacrificado num estress total para encher nossas barrigas, inclusive para aqueles que não gostam de rodeio mas, comem carne. Animal de rodeio pessoal é muito sortudo por ter pessoas que cuidam deles  e no final da vida tem o descanso  merecido! Animal de rodeio é sem dúvidas um atleta que não será sacrificado para encher nossas barrigas.  
62;2;Tortura é vc ser contra algo que levara muitos animais para o abate e deixará muitas pessoas sem trabalho. 
63;2;E O QUE VC CONHECE DO CAMPO CAMPO OU DO MUNDO RURAL,PRA VC FALAR O QUE É E O QUE NÃO É TORTURA,,VC SABE COMO FAZ UM INSEMINAÇÃO ARTIFICIAL ??.. PRA VC VAI SER UMA TORTURA PAR O MUNDO RURAL UMA PRATICA DIARAIA. 
65;2;SUA IDIOTA,,VAMOS O SEU SACO DO SEU PAI,,QUANDO  E ONDE VC VIU UM ANIMAL DE SACO AMARRADO ? 
66;2;QUEM É VC PRA CHAMAR ALGUÉM DE BOSTA,,QUEM É VC ??,VAI PROCURAR SUA TURMA 
67;2;bosta deve ser quem te criou,que nao soube te dar educação. 
68;2;bosta deve ter sido sua educação,com certeza não foi criado por gente do bem. 
69;1;Totalmente favoravel até porque quem realmente trata desses animais somos nós do rodeio vaquejada e etc porque se depender dos "Falsos Protetores" eles estariam em situação bem pior, vc que não conhece vá até um rodeio ou uma fazenda conheça como esses animais atletas são tratados depois tire suas conclusões. 
71;1;Percebi que você copiou a opinião de outra pessoa e colou aqui (pessoa essa que também não sabe o que ta falando). Amigo, toda vaquejada hoje existe um Médico veterinário, quando o vaqueiro esta saindo da pista, ele analisa e cavalo e também o boi (principalmente a cauda), se houver indicios de maus tratos o vaqueiro é desclassificado. É uma pena que quem ta julgando essas leis são deputados que nunca sairam de uma sala de escritorio, mas tenho certeza que se conhecessem o esporte viam que não existe nada disso que falam nas redes sociais. abraço  
72;2;e quem é vc pra querer que alguem se foda,,deve ser mais animal que os animais,,ou daqueles que é contra os rodeios e favor de casamento entre homens. 
75;2;o mesmo animal que vc quer que vá para seu canto,,vira o creme de corpo que vc usa,,o detergente que lava sua louça  ou a ração que seu cachorro come.. vai te catar cuide da sua vida e aprenda mais sobre o campo.. 
77;1;Parabéns capitão pela inciativa, #eu apoio vaquejada SIM. 
78;2;NA INSEMINAÇÃO O VETERINARIO ENFIA O BRAÇO INTEIRINHO NO ANUS DA VACA E AINDA ELA GOSTA,,,CADA COISA É CADA COISA  VC NAO ABE NADA DO MUNDO RURAL,,COM CERTEZA VC É CONTRA A VAGUEJADA E FAVOR DA LIBERAÇÃO DA MACONHA. 
80;2;tem que ser muito babaca mesmo pra nao saber que regulamentar é muito que melhor que proibir,na ilegalidade é tudo muito mais mal feito,,acabar não vai,,quem gosta vai continuar fazendo ou vc vai proibir,,o trafico é proibido no brasil e tem em qualquer esquina do brasil, a prova de laço,foi proibida e por acaso acabou ???????????????? 
81;1;Os animais de rodeio tem uma alimentação e um tratamento melhor que o seu, amigo! 
82;2;as pessoas nao entendem que se legalizar tem como fiscalizar,, na clandestinidade ,nao tem como fiscalizar,,nao precisa de medico veterinario responsavel  nem de exames de sanidade,,e vão continuar mesmo asim,,quem gosta de interagir com animsi vai continura interagindo  u vcs acham que vai ter policia 24 horas,,procurando provas pelo brasil a fora,,nao cuidam nem de nossa segurança. 
84;2;procurar emprego onde ?? somos mais 12 milhoes de desempregados,,moramos em pais que vive uma catrastrofe na segurança,,um verdadeiro cangaço da era moderna,,bandidos mandando no pais,,mais de 1200 carros roubados todo dia,,uma pessoa assassinada a cada 10 minutos,15 crianças vitimas de violencia a cada hora,o crime mata por dia no brasil que o confronto entre israel e palestina,,vcs vem aqui querer acabar com esportes equestres onde,,vao vcs procurar o que fazer antes que alguem te mate por um par de tenis ou um aparelho celeular.  
85;2;covarde é vc de falar uma coisa que nunca viu de perto e nem tem noção de como funciona 
86;2;doente e sem  educação é vc,,lave sua boca antes de chamar quem vc não conhece de doentes e covardes,,quem compraria um cavalo caro,gastaria tempo e dinheiro pra trata-lo pra depois ficar maltratando,,o que sabe vc da vida no campo,,tire sua bunda do sofá e venha conhecer de perto antes de ficar falando bosta sem conhecer,,cuide da sua vida e aprenda educação,,com certeza deve ser patricinha de cidade e mal educada. 
87;2;VÁ VC PROCURAR O QUE FAZER,NÃO VAMOS NA SUA CASA TE FALAR O QUE VC TEM FAZER OU COMER,COVARDE E DOENTE DEVE SER VC DE COMENTAR COISAS QUE NUNCA VIU DE PERTO.SE JA VIU NOS FALE E QUANDO VC COMO VIVEM E COMO SÃO TRATADOS ANIMAIS ATLETAS ?? 
88;2;A roubalheira que esta em nosso país (que vai de ladrão de celular, até ladrão de cofres públicos), e você mandando os vaqueiros procurar emprego decente?! Fica ai o questionamento rsrs 
89;2;E OS ANIMAIS,QUE SÃO USADOS PARA VAGUEJADA  ,VÃO PRA ONDE,,PRA SUA CASA OU SERÃO SOLTOS PELAS ESTRADAS PARA MORREREM COMO OS JEGUES QUE MORREM CENTENAS DELES TODOS OS DIAS ATROPELADOS PELAS CIDADES DO NORDESTE. 
90;2;vc ja visitou um frigorifico,,é pra la que vao os que nao vao pra vaguejada,,se não conhece deveria conhecer. 
92;2;Não julguem sem conhecer!! Será que essas pessoas que votaram NÃO, são todas vegetarianas? Ou não usam sapatos e bolsa de couro? A vaquejada moderna é um esporte muito bonito e não existem maus tratos, na mesma areia que cai o boi, também cai o vaqueiro!!! 
93;1;Eu aceitaria ser puxado e derrubado sim!! mas com uma condição... Se você fosse pro matadouro!! eles também não escolhem morrer para servir de alimento.  
94;2;nenhum boi pede pra ser castrado antes de morrer,,nenhum boi pede pra ser levado pra o frigorifico,,ou vc conhece quem se alista para ir ao abatedouro.. 
95;1;Percebo a diferença sim, amigo! só em eles serem animais, e nós humanos ja existe diferença. Mas se o vaqueiro esta sujeito a cair, ser pisado por eles, e mesmo assim participa do esporte, é porque sabe que não há problema em cair em um colchão de areia.  
96;2;Sacoman cadê você menina? Me ajuda aquí, o debate pegou fogo novamente, escreve alguma coisa aí, sem você não tem  graça. Elogie a Alexia Dechamps. 
98;2;É SUA CARA ACHAR VAGUEJADA RIDICULA,, 
99;2;começando por vc,,pragas do seu tipo ja estamos enjoados de ver 
100;2;animais inocente sao mortos aos milhares todos os dias pelos frigorificos do brasil,,vc nao come carne,mas nos comemos 
101;2;onde mesmo vc vc viu um animal com saco amarrado ?? sadica e louca deve ser vc que fica pensando q boi tem saco amarrado. 
102;1;rodeiro e paixão quem não gosta não vai acabar com o rodeio não da primeiro informe sobre como os animais são bem tratados durante o rodeio antes de criticar  
103;2;otario  si oc foce um animal c ia preferi ir pro matador ou ser puxado de carroça ou ser uma estrela de rodeio com beins trato  
109;2;Povo abeia esse ai que se acha no direito de excluir  As prova de rodeio e outros esporte relacionado a esse tipo voçe sao uns alienados bando de escravos de uma midia sem noçao rodeio e vida e paixao maus tratos e idoso andar na rua e voçe que se diz um protetor dos animais nao nao levantar um dedo do pe pra ir ajudar ele entao bando de mizera vao acha outra coisa pra da azia por que oces aqui trmpa no farpado e volta de costa ..Tchau Brigado   
110;1;Quase todas as pessoas que são a favor, ao contrário do que você disse, são pessoas humildes, que preferem viver desse esporte ao invés de pegar as coisas alheias. A vaquejada não existe esses maus tratos que mostram nas redes socias, saia do ar condicionado e conheça antes de julgar. 
111;1;kkkk sem noçao demais pra onde vai os animais entao pro matador ? por isso nos estados unido   e melhor que aqui la rodeio e mais valorizado qui futebol 
112;1;Este projeto é de muita valia para aqueles que necessitam sustentar suas famílias, está tradição chamada Rodeio não pode morrer jamas. 
114;1;Simplesmente podemos definir estes esportes sendo a vida de milhares de pessoas, é dali que tiram o sustento das famílias, quem tem o mínimo de noção sabe como é dura a vida no nordeste devido ao clima seco e  é estes esportes que dão esperança a muitos que terão sempre comida na mesa, pensem nas famílias que vivem disso, nas crianças que têm o que comer porque estes esportes existem, é muito mais que ganhar ou perder, é viver ou morrer! 
115;1;EU APOIO A VAQUEJADA E TODAS AS PROVAS EQUESTRES ! 
117;1;EU APOIO A VAQUEJADA E TODAS AS PROVAS EQUESTRES !
118;1;Rodeio é cultura !!! 
119;1;EU APOIO AS PROVAS EQUESTRES REGULAMENTADAS. ANTES DE OPINAR ELEVE O SEU CONHECIMENTO DE COMO AS PROVAS ACONTECEM !!  
121;2;VÃO CONHECER DE PERTO ANTES DE FALAR MERDA!! O CHURRASCO DE DOMINGO NINGUÉM QUER ACABAR NE!! BANDO DE SEM NOÇÃO!! E A TRANSPOSIÇÃO DO RIO S. FRANCISCO QUE MATA MILHARES DE GADOS E CAVALOS AO ANO, ISSO NINGUÉM CONTESTA!!  
123;1;CONCORDO GUILHERME FAÇA MINHAS PALAVRAS AS SUAS !! MUITO BOMM !! 
124;2;Você come carne? Animal nao foi feito para ser morto para certas pessoas a consumirem... se pensar por esse lado aqui seria a INDIA que a bovino é sagrado...  
125;2;Te mada então !! 
126;2;Te mata então !! 
129;1;Aline, é colecionadora? Deve ter uma boa condição, a procriação não enche seu campo? Que maravilha, Deus abençoe sua vida e que possa te alcanças e rever, buscar ver como são criados e tbm buscar mais orientação sobre a sua volta, observar e estudar para saber o que não tem uso animal hj... desde cosméticos, utensílios, remédios etc... fica com Deus! 
130;2;Repugnante é a posição das líderes dos ativistas. Luisa Mel vendia coleiras anti-latidos e desfilava na avenida com plumas de pássaros e hoje recebe verba internacional para fazer papel de boazinha. Já a presidente dos protetores dos animais tentou influenciar as autoridades para fazer inspeções bem demoradas nos animais que estavam vindo para Brasília, o que os obrigaria a ficarem mais tempo sem agua e comida dentro do caminhão. Esses são os defensores de animais. Importante Nica, não mate insetos com asfixia química pois 99,9% deles tem como principal função a polinização, inclusive os pernilongos. Outra, estudos recentes indicam que plantas tem sentimento. Vai comer o que?
133;2;Não concordo que seja criminoso!! O maior problema que enfrentamos hoje a população não se pronuncia, que é o crime organizado, trafico de drogas, sequestro, estupro, lavagem de dinheiro (desviado de obras publicas) e por aí vai. Essa cultura rural tem de ser respeitada, não pratico a vaquejada, tenho cavalos os quais são muito bem cuidados, participo de algumas provas equestres e laço comprido. Mas acho que devem respeitar o esporte de cada um...Sou praticante de artes marciais, já lutei a nível nacional. Acho algo incrível o mma, você pode não gostar mas deve de respeitar. Estamos vivendo um momento no qual o bicho está sendo tratado como home e o homem como bicho. Os graus de importância para as pessoas de bem, não existem. Um cidadão entra em sua casa assalta leva seus pertences, quando não faz uma barbárie e  não se pode fazer nada pois não foi pego em flagrante. O tempo em que estão se movimentando para isto, vão se pronunciar em favor das pessoas de bem, estamos vivendo presos dentro de nossas casas e os vagabundos tocando o terror em você e sua família. Respeitar a cultura é bom. Não gosto de bossa nova, mas respeito quem goste!!  
135;1;Sou a favor desta modalidade, não apenas por ser um apaixonado por cavalos e conhecedor, mas sim por uma identificação pessoal com esta cultura do interior brasileiro. Aos que são contra vocês devem parar de comer carne, leite, galinha, inclusive vegetais, pois muitas vezes em lugares onde o agricultor não tem condições de comprar um trator para arar sua terra utiliza de uma bela junta de boi carreiro ou um bom cavalo no arado. Estamos falando de uma cultura que ultrapassa mais de 200 anos. Respeito é bom indiferente do gênero, idade, sexo ou cor!! Então respeitem quem ama essa cultura e vão viver de fotossíntese!!  
137;2;ENTAO VAI CUIDAR DE SEU NAMORADO E DEIXE OS SERTANEJOS EM PAZ,,NINGUÉM AQUI VAI LUTAR CONTRA O CASAMENTO ENTRE HOMENS,,CUIDE DA SUA VIDA E SE GOSTA MESMO DE ANIMAIS VÁ AJUDAR OS MILHARES QUE ESTAO MORRENDO DE FOME E SEDE NO PERNAMBUCO E NO NORDESTE DO PAIS.. O QUE É CERTO PRA UNS PODE ERRADO PRA OUTRAS  POR ISSO TEMOS QUE ACEITAR AS DIFERENÇAS,,JA PENSOU SE TODO MUNDO VIRASSE CONTRA VC SÓ PORQUE VC NAMORA OUTRA HOMEM !! 
138;2;25 mortos em roraima,bela vista, 8 em rondonia,,55 presos foragidos em sao paulo,,por conta de uma guerra entre duas facçoes  criminosas,,um verdadeiro faroeste em nosso pais,,bancos sendo assaltados a luz do dia e pessoas sendo usadas como escudo humano,,e vcs vem procurar coisa errada em vaguejadas,rodeios e etc,,por isso que estamos vivendo nesse faroeste da hera moderna,,aqui os valores são invertidos sempre !! 
139;2;25 mortos em roraima,bela vista, 8 em rondonia,,55 presos foragidos em sao paulo,,por conta de uma guerra entre duas facçoes  criminosas,,um verdadeiro faroeste em nosso pais,,bancos sendo assaltados a luz do dia e pessoas sendo usadas como escudo humano,,e vcs vem procurar coisa errada em vaguejadas,rodeios e etc,,por isso que estamos vivendo nesse faroeste da hera moderna,,aqui os valores são invertidos sempre !! 
141;2;Atencão nação de bota e chapéu: Quem ama o rodeio profissional e, respeita os animais não apoia vaquejada, nem vai prá Brasília dia 25/10 apoiar o retorno desta crueldade. Não devemos associar a imagem do rodeio, já desgastada à práticas sádicas. O STF, não interferiu em nosso segmento, não devemos nos envolver. Não participem desta manifestação, ela só interessa ao comércio de cavalos e, aos sádicos do Nordeste.  
142;1;também apoio a vaguejada
143;2;Que é isso Paulo? cowboy que ama rodeio, não apóia covardia, nem vaquejada. Água e óleo não se misturam. Utilize a opção excluir, prá esse seu comentário, meu jovem.  
144;1;se eu fosse um boi, gostaria de trabalhar no rodeio: seria amado pelo meu dono, tratado com rações especiais, tomaria as melhores vacina, os melhores veterinários cuidariam de mim, praticaria uma atividade física (o esporte), competiria diretamente com o ser humano, que se acha superior a mim....     e depois disso ainda me tornaria um reprodutor até o fim da vida... 
145;2;vai caçar sua turma seu florsinha,,aqui vc nao arrumar namorado,,vc esta procurando namorado no lugar errado 
146;1;Aeee Davi, minhas continências prá você guerreiro. QSL/TKS.  
147;2;sabem quanto  trabalha um animal de rodeio e um de hipismo,,nem por isso foi proibido o hipismo na s olimpiadas 
151;2;se vc é vegano e homo sexual é problema seu,,nao queira que outras pessoas sejam como vc,,cada um faz o que gosta pare de pertubar com não esta mexendo com vc 
154;2;porque sera que ninguém  vem aqui falar dos milhares de animais que estao morrendo de fome e sede no sertao nordestino,,cade transposição do rio sao francisco. porque ninguem fala dos jockeis clubes sera que os animais do jockey são diferentes. 
155;2;Fiscalizar sim proibrir nunca,,somos um pais livre,,nao devemos proibrir casamento de homem com homem,nao podemos proibrir viita intimas na cadeia,,nem saidinhas de presos,,porque proibrir interação de homens e animais. 
157;2;Luiz Paulo, sempre deixei bem claro que sou a favor do rodeio profissional, regulamentado por Lei Federal, não do rodeio de fundo de curral e,  totalmente contra a vaquejada e, sua inclusão neste PL.  
159;2;Estou fazendo minha parte não vou à Brasília dia 25/10 e, estou desmotivando o maior número possível de, pessoas coerentes a não irem apoiar esta maldição que se chama, vaquejada.  
161;2;Cade os protetores dos animais,para ajudar os milhares de animais que estao morrendo de fome e sede no nordeste brasileiro. 
162;2;então deixe de ser hipocrita e morra de fome... 
164;2;Luiz keffeyo Sacomana, suas afirmações não são confiáveis por tratar-se de um indivíduo de caráter duvidoso rejeitado pela família (o "pai" não quer nem ouvir falar, no ser), odiado pela sociedade,  amaldiçoado pela igreja e  com gravíssima crise de existência, não sabe a qual gênero sexual pertence (pensa que ânus é vagina. Tsc...,tsc, ai que burrrooo)  nem sabe prá que veio a este mundo, aliás nem deveria ter vindo. Face a este seu currículum desinvejável, suas considerações são irrelevantes.  
167;2;Até concordaria em proibrir alguma coisa ,,mas  se esse país fosse correto,,aqui é uma bagunça,pessoas são mortas por um celular,, temos no centro de são paulo a maior concentração de drogados do mundo,,parece uma criação de zumbis,,menores colocam fogo em onibus,matam,traficam e não podem ficar presos,ou qdo ficam saem com 21 anos e de fixa limpa,,entao vamos proibir o que aqui,, se aqui pode se tudo,,presos que saem no dia dos pais sem terem pais e etc... 
168;1;TA BOM LUIZ PAULO,NAO VAMOS MAIS MONTAR EM TOUROS E NEM COME-LOS,,VAMOS DEIXA-LOS LIVRES NOS PASTOS,,PARA SEMPRE,,TA BOM ASSIM ? 
169;2;Chefia, já que o maltrato do touro é tão grande que nem voc 
175;2;Cara chato esse Luiz(a) Keffeyo. A biba se mete na nossa vida, em nossa cultura, sem entender nada e agora quer mudar nossa alimentação também. Daquí a pouco ele vai sugerir que a gente queime a rosca também. Isso não, não contem comigo comer xuxu e broto de bambú ainda passa, mas, dar ré no kibe eu tô fora. Deusulivre.  
176;2;O que seria pessoas venagas? uma nova espécie de pederastas? me ajude aí nem o Google consegue identificar. Pqp. além de veado é burro, esta anta. Isso não é gente é um zoológico ambulante. kkkkkkk 
179;2;Não se iluda. Temos representatividade em Brasília. Você já ouviu falar em "lobby"?  
182;2;Ana Sacoman Animais, vantagem numérica em votação de projetos, aquí, não decide nada, isto é uma votação simbólica, não possui poder de decisão final. Inúmeros projetos de leis não tiveram aceitação da maioria dos internautas e mesmo assim foram aprovados. O impeachment da Dilminha, por exemplo,  é um deles entre tantos outros. Pesquise aí, antes de ficar cantando vantagens. O melhor está por vir é lá do Senado, reduto do agronegócio que engloba o rodeio.  
183;2;Prá você ver né. Manda quem pode, e obedece quem têm juízo. Vocês não estão acima da lei, o rodeio é regulamentado por ela, e vocês querendo ou não vão ter que nos engolir pelo resto dos seus miseráveis dias. Não será a revoltinha de uma bibinha pobre, do "pé vermeio", que irá nos abalar.  
184;2;Verdade, sou uma piada mesmo, mas das boas. Já você: ô viadinho sem graça, não serviria prá ser outra coisa mesmo, a não ser esta aberração, segundo a bíblia.  
185;2;Quando você chegar no inferno  (breve - DST/HIV matam sua espécie), você vai lamentar não ter seguido e respeitado este livro velho filho do demônio. Lá você vai queimar a rosca literalmente.  
186;2;Sacomana Keffeyo, pare com este fake. Todos sabem que é você por trás deste perfil ridículo de Bart Simpson.  
188;2;Você ainda respira, aberração? já se recuperou da queda? Que pena. Não se faz asfalto como antigamente mais. Quem sabe na próxima vez vêm um bi-trem boiadeiro atrás de você, e: plóóóft.... 
189;2;Aberrações da natureza que, permitem que vossos ânus  (leia-se fiofó) sejam profanados, e que são rejeitados pela família, odiados pela sociedade, e abominados pela igreja deveriam ser proíbidos de opnarem sobre assuntos relevantes dos seres humanos normais.  
190;2;Este é um falso perfil de Sacomana Keffeyo. Certeza. Ridículo descer a este nível. coisa de biba desocupada, mesmo.  
191;1;Os Rodeios são muito importantes culturalmente e economicamente, alguns dos animais possuem vidas de reis e devem ser sempre melhor tratados e sempre utilizando técnicas para não maltratar o animal. Esse PL abrange a elevação do nível cultural e não trata de assuntos específicos como maus-tratos. 
192;1;27 de Agosto Dia do Peão de Boiadeiro. Parabéns aos heróis dos oitos segundos.
193;1;sim bons tratos e acabar com o rodeio e dps acabar os touros servirem d file no prato de comida d vcs . eu acho q vc deveria pesquisar muito bem antes d ficar falando q são maltratados. https://www.youtube.com/watch?v=HAV3N0GnCpc https://www.youtube.com/watch?v=qDhg5bUrVLU https://www.youtube.com/watch?v=Xq_Glqc5N8Q https://www.youtube.com/watch?v=Ktg-opMI47o https://www.youtube.com/watch?v=z3497vtprnA 
196;1;100% bons trataos aos animais,esse é o lema de barretos 2016,,confiram de perto  compre seu ingresso e ajude mais a vez ao hospital do cancer de barretos. 
199;2;Esse luiz paulo não tem jeito,sempre procurando cowboys nesse site. 
200;1;e vc acha que alguem vai parar de montar em boi porq vc nao quer,,se nao for nas festas vai continuar nas fazendas,nos torneios ,se vc fala que gosta de animais deveria preservar as festas,lá são tudo fiscalizado,com acompanhamento veterinario e regras,acabar com as festas é retroceder no tempo,porque quem gosta de interagir com animais vai continuar interagindo ou em um ou em outro lugar..e ainda por cima vc estaria condenando milhares de animais a morte.as provas de laço acabaram nas festas e continuaram com muito mais força nas fazendas e nos torneios,,isso ja deve servir de exemplo pra vc ver o que vai acontecer com outras modalidades. 
203;1;tenho cavalos que participam  das provas dos 3 tambores e desafio a qualquer ong a compararem se seus animais são mais bem cuidados que os meus.. 
204;2;por acaso vcs sabem sabem pra onde vao os animais que não selecionados para o rodeio,, eu sei vão para o açougue antes de conhecer a idade adulta. conheçam antse de criticar,falar coisas sem saber também é ignorância,,muitas pessoas ainda falam que os animais tem seu saco apertado..conheçam de perto 
205;1;Valeu capitao augusto,,,,, seja sempre bem vindo nas festas do peao estamos te esperando em barretos com uma calorosa recepção.quem critica não conhece,,se conhecesse com certeza não falariam tanta besteiras 
208;1;Valeu capitão agusto tem muita gente que nao gosta mas tem muita gente que gosta,o povo sertanejo esta do seu lado,,te esperando no maor rodeio do mundo barretos 2016 
210;2;graças a todos esses leigos o projeto foi aprovado com facilidade na camara dos deputados,enquanto essas pessoas continuarem falando que rodeio aperta o saco do animal e tc.. sera facil levar a frente nosso projeto,,significa que realmente nao conhecem e nunca viram de perto,obrigado a todos que falam que o rodeio aperta o saco,,outra mulher disse que os animais tem caco de vidro introduzido no anus aohhh barbaridade 
212;2;só que esses animais nao são como animais de circo que se não tivessem no circo estariam nas savanas,esses animais se não tivessem no rodeio estariam em um espeto de churrascaria,,e onde e quando vc viu um animal ser torturado,se viu porque não denunciou,ja existe uma lei desde 200 que protege eles de maus tratos,portanto não fale coisas que nunca viu,,pelo jeito vc fala coisas sem saber,isso tambem é ignorancia. 
215;2;e quando vc viu um animal com saco apertado sua imbecillll 
216;2;e onde vc viu um animal com testiculos amarrados, sua ridicula,,povinho deve ser quem te pos no mundo de não te dar educação pra chamar outro ser humano de povinho,vai cuidar de sua vida,nao vamos no rodeio com seu dinheiro 
219;1;Rodeio não maltrata. os animais tem o manejo adequado, alimentação balanceada incluindo exercícios como nação. os touros que vão para os rodeios são animais com estrutura e boa performasse. os cavalos que dentro do rodeio tem varias modalidades como três tambores,laço,bulldog,Team Penning, Work Penning, apartação. trazendo renda gerando emprego...
220;1;Rodeio não maltrata animal..os meus estao a disposição de quem quiser conhecer de perto,,garanto que meus cavalos são mais bem tratados do que muitos humanos nesse país. 
222;1;nao vejo vantagem nenhuma,em por fim aos rodeios,quem gosta de interagir com animais,vai continuar interagindo e no campo nao tem regras nem legislação,,no rodeio tem veterinario,tem regras,e fiscalização para proteger os animais de maus tratos,,no campo é tudo de qualquer jeito,, 
224;1;vida longa ao rodeio,,agora temos um dia para comemorar,,dia 4 de outubro agora é dia nacional do rodeio 
225;1;rodeio não maltrata animais, 
226;1;Festa do peao de barretos 2016,estima arrecadar mais de 16 milhoes para o hospital do cancer,,esse é o mundo sertanejo 
228;1;Agora dia 24 de outubro passa a ser o dia nacional do rodeio,ebaaaaaaaaaaa 
229;2;Para onde sera que o senhor luiz paulo acha que irao os animais  de rodeio se não fossem de rodeio ???,para as churrascaria,,qual a vantagem de não ir para o rodeio e ir para um espeto. 
231;2;qual a vantagem vc veria em tirar os animais do rodeio,,manda-los para o frigorifico,,ou para uma ong que cuidaria de milhares de animais,,a unica forma desses animais conhecerem a idade adulta é sendo de rodeio,caso contrario ja conheceram o matadouro aos 2 anos e meio de idade. 
234;1;#Vaquejada é Cultura 
235;1;oi amor vc de novo,,como vc gosta de cowboys,,é melhor vc ir ate a festa do peao e conhecer um de verdade,,nao precisa ficar pucxando conversa pela internet,, 
239;1;falou bem ganhou a enquete,,na camara dos deputados vcs tambem ganharam a enquete,,ja foi provado e aprovado que animsi de rodeio não sofrem maus tratos 
244;2;oi querida sera que vc é uma cowgirl inrrustida 
245;2;oi gatinho,,acho que vc é apaixonado em cowboys,,ja sabemos que vc é 
247;2;tem gente tomando chá de lirio aqui e vendo coisas,,onde sera que viram alguém colocar cacos de vidros e pimenta no anus de animais.que alucinação !!!!!!! 
249;2;todos esses argumentos que rodeio maltrata animais foi derrubado na assembléia da camara,,foi aberta e todos puderam debater,,agora não venham falar tanta besteiras aqui,, a outra ai falou que animais tem pimenta colada no anus,,essa ta tomando droga podre 
250;2;quem esta precisando de proteção nesse pais são os humanos,que esãao sendo mortos a toa, a cada 28 horas morre uma pessoa homosexual vitima da intolerancia nesse pais,,nos animais ja existem leis que os protegem desde 2002 e são seguidas a risca nos rodeios 
251;2;acho que pessoas por aqui usam drogas vencidas,,onde sera que viram alguem colocar pimenta e caco de vidro no anus dos animais,,acabou de ser vendido um touro chamado boca quente por 312 mil reais,,sera que é para o dono colocar caco de vidro no anus dele??? 
252;2;Onde sera que a senhora rosana viu alguem enfiar caco de vidro no anus do animal,,sera que ta tomando algum remedio estragado ??? 
253;1;Parbéns povo sertanejo,dia 4 de outubro agora é dia nacional do rodeio 
254;2;Graças a pessoas imbecis e legais como a senhora rosna halasz que rodeio foi aprovado tao facil na camera,,pessoas que falam coisas que nunca viram,,o rodeio movimenta o mundo country e amamos os animais assim como vc,,venha conhecer,,nos diga onde vc viu animais de rodeio abandonados e passando fome. 
255;2;como vc fala coisas sem saber,,prova e nos mostre onde se usa pimenta e cacos de vidros e abandonaremos o rodeio,,sua imbecillllll,,conheça antes de falar 
256;1;Dia 4 de Outubro agora passa as ser o dia nacional do rodeio. 
257;1;Parabéns nação sertaneja,agora o rodeio ganhou  o dia nacional do rodeio no calendário nacional,dia 4 de outubro. 
259;2;A bibinha pão-com-ovo, mau-amada, desocupada, sustentada pela mamãe naõ se cansa de vomitar asneiras aquí. Luizinho de dia e Keffey Boca Nervosa, à noite vá cuidar da sua vida nêga, seus comentários contra o rodeio, não estão acrescentando em nada, o mundo vai continuar girando, e rodeios continuarão sendo realizados, quer você goste ou não, agora mesmo estamos indo prá Americana/SP . Teu bofe te deixou? arrume outro, fia, que consiga te suportar que tal um africano dotadão, para preencher seu espaço vazio, já que a sua raça aí, é chegada, só não vale o cunhadinho, quem sabe assim você deixa de cuidar da vida dos outros.   
263;1;Ohh cara,queria pedir desculpas pra vc,,quando chamei vc pra vir conhecer s roça que te ensinava a ser homem  eu não sabia que vc era homossexual ,,não tenho nada contra,,tenho ate amigos homossexuais,,cada um gosta do que quer,,perdoa ai.. 
264;2;Vc deria respeitar as difeenças,,ainda mais sabendo que vc tambem é diferente,,se não gosta respeite quem gosta,,ja pensou se as pessoas que nao gostassem do seu jeito fossem fazer campanha contra seus gostos.. 
265;1;mais uma vitoria do rodeio,dia 4 de outubro,dia nacional do rodeio,parabéns ao povo sertanejo 
266;1;A  patir de hoje fica reconhecido no brasil dia 4 de outubro como dia nacional do rodeio..Parabens capitao augusto 
267;1;Ohh alexandre junior,,vá conhecer de perto antes de falar o que nunca viu,,ja ficou provado e comprovado por veterinrios contra e a favor ao rodeio n camara dos deputados,por isso passou tão facil,,animais de rodeios são mais bem tratados do que muitos humanos nesse país. 
271;1;Parabéns capitão,,projeto passou fácil pelo senado,os argumentos dos ativistas eram os mais absurdos do mundo,porque será que não ficaram até o fim ??? 
272;2;Nossa ,,quem é esse louco do rafael,,onde sera que voce esta morando pra falar em modernidade,,morrem se, 16 pessoas por dia no estado do rio de janeiro assassinadas,isso aqui é o verdadeiro faroeste,,,carros fortes  são assaltados a luz do dia ,bancos são assaltos no interior do pais e usam pessoas como escudo humano,,e vc vem falar que montar em boi é coisa do passado,,prefiro o passado do que essa modernidade podre que vivemos. 
273;1;'Blá, blá, blá. Blá, blá, blá. Mimimi. Mimimi. O que nos interessa, é que o projeto está avançando favoravelmente no Senado. Onde, já deu prá notar que, quem manda somos nós os BBB''s. (Bala, Boi, e Bíblia) como disse o intelectual em "cultura texana", aí. Depois é só o nosso parça,  Temer, assinar, o que é notório. Logo, as disposições em contrário, serão irrelevantes.  '
275;1;Por acaso vc ja foi em um frigorifico ou em algum matadouro,,então vá e depois vá a uma fazenda que cria touros de rodeio e vá a um rodeio tambem,,e tire suas conclusões onde é melhor.animal de rodeio que não vai para o rodeio vai para o matadouro,,talvez a unica chance d uma animal desse chegar a idade adulta e morrer como um reprodutor é sendo de rodeio, 
277;1;Vá vc se informar,,onde e quando voce viu animal de rodeio de perto,,ja foi provado que entre todos os esportes que usam animais,o rodeio é onde os animais sofrem menos lesões,,aprenda vc tambem. 
279;2;já que animal nenhum é pra culturalizar ou pra estar fazendo torneios com ele int acaba com os centro de macumba que usam: galinha, bode,gato... e ninguém como frango, galinha, galeto, carne, peru no natal acabou... 
281;2;Tambem nao gostamos de muitas coisas que acontecem nesse brasil e somos obrigados a aceitar . 
282;1;Bora pro rodeio pessoal essa semana tem mais uma 35 festas pelo brasil 
283;2;se não gosta é só não ir,,nao vamos na sua te convidar 
284;1;Vida longa ao rodeio 
286;2;Vai cuidar da sua vida ,nao vamos nas festas com seu dinheiro. 
287;2;la vem o idiotinha ,franguinho de novo,,ja te convidei pra vir no meu sitio e te passei meu endereço varias vezes,,pra vc todo mundo é fake porque nao vem conferir de perto,,eu mato um carneiro gordo pra nois churrasquaer,basta voce querer,,o aparecidinho do site,,protetor de nada,,cade os animais que voce cuida,,me  pasa seu endereço que vou conferir de perto como vc cuida de seus animais. 
289;1;Rodeio é 100% Bons tratos aos animais 
291;2;evoluir onde ?? em um pais que carros fortes são assaltados em plena luz do dia,,que bancos são assaltados como no tempo do banga bang,que pesoas são mortas por um celular,onde vc ta evolução nesse pais ?? onde sera que vc ta morando 
294;2;o babaquinha,,o projeto ja foi aprovado na camara dos deputados,,jstamente por ser provado que esses animais não sofrem maltratos,,tambem não vamos parar de comer carne porque vc não quer,,em sua homenagem essa semana vamos um churrasquinho de carneiro,,quer vir partcipar,,eu guardo alguns pedaços bem mal passados pra voce  ohhh comedor frutas. 
295;2;la vem o inutil do luis paulo comedor de alface encher o saco de novo,,,vc não faz nada na vida ????? 
296;2;ohh inutil voce voltou????? 
300;1;O rodeio foi aprovado na camara dos deputados em um debate que estavam defensores e opositores,,os melhores argumentos ganharam,,entao vamos respeitar quem gosta 
306;1;vida longa ao rodeio,,se não gosta é só não ir. 
312;1;Foi adquirido nos ultimo leilão das estrelas um animal chamado boca quente por 312 mil reias,quem pagaria tal quantia em um animal para maltrata-lo..vamos conhecer de perto antes de falar o que não sabemos 
313;1;O projeto foi aprovado com grande vantagem na camara dos deputados,,isso porque ja foi provado e reaprovado que enter todos esportes ue usam animais o rodeio é onde ocorre menos lesoes nos animais,,conheçam antes de criticar 
314;1;Animais de rodeio não são como animais de circo,que voltam para a savana quando nao estão no circo,,animais de rodeio vão para o frigorifico se nao fossem de rodeio,portanto a unica forma de um animal desse chegar a vida adulta e morrer como reprodutor é sendo de rodeio,, e pelo contrario do que muita gente pensa eles nao sao torturados..conheça antes de criticar. 
319;1;Projeto aprovado na camara dos deputados,,com certeza foi provado que rodeio nao maltrata animais. 
321;1;E mês que vem começa o maior rodeio de Minas,  um dos maiores do país, a grande DIVINAEXPO,  e como sempre ajudando as instituições de caridade da cidade de DIVINÓPOLIS MG. Pegaaaaaaa subindo porque descendo é contra mão!! Aquiiiiiiiiiii "num" é rodeio,  Aquiiiiiiii é PBR. 
331;1;Rodeio,,mais que um esporte,uma paixão..nao critiquem sem conhecer 
335;1;mais uma unidade do hospital do cancer de barretos sera aberta em campinas e  nao  se esqueçam que o rodeio é um grande colaborador desses hospitais. 
339;1;Vai começar a temporada 2016 e quem achar que esses animais são maltratados é só ir conferir de perto,ja existe uma lei que protege eles de maus tratos desde 2002,os eventos são abertos a qualquer um que quiser visitar. 
344;1;Vida longa ao rodeio,só quem conhece de perto sabe o quanto são bem tratados esses animais,animais chamados por nome e muitos viram estrelas e morrem em asilos . 
357;1;Vida longa ao rodeio,pessoas confundem rodeio com touradas espanhola,foi adquirido no final do ano passado um animal chamado Boca Quente pelo senhor ricardo Bento de São Paulo por 347 mil reais,quem pagaria uma quantia dessa para ver ser animal ser humilhado. 
363;1;Nossos cavalos vivem melhor do que muitos humanos nesse país. 
364;1;Amo rodeio. 
365;1;Na europa nunca teve rodeio,os rodeios são forte no canada,mexico e EUA,incluaive onde se ta 1 milão de dolares para o campeao..se não gosta aprenda a respeitar que gosta 
368;1;vai começar a temporada das festas ,quem acha que esses animais são maltratados é só ir e conferir de perto.garanto que eles preferem ser montados do que comidos. 
378;1;Meus animais devem ser mais bem cuidado que voce,,conheça e aprenda antes de falar coias sem saber 
387;1;Amo rodeio,,conheça e se apaixone tambem,animais com vida longa e saudavel e pra quem nao sabe eles nao tem seus sacos apertados. 
388;1;Parabens Capitao Augusto,vida longa ao rodeio 
390;1;Vida longa ao rodeio,acabou de ser aprovado o projeto na camara dos deputados e no senado. 
396;1;realmente as pessoas do não nunca viram um animal de rodeio de perto,,viva o rodeiooooooo 
403;1;amo rodeio,,meus cavalos estao a disposição pra quem quiser ver de perto se sofrem maus tratos 
404;1;Animais de rodeio são bem mais tratados do que muito humanos nesse pais 
405;1;Viva o rodeio,conheçam e aprendam a amarrrr.. 
422;1;Capitao,, o povo sertanejo esta do seu lado,seja sempre bem vindo 
423;1;vai cuidar da sua vida  e do capitao cuidamos nos,,nos os elegemos de novo,o povo sertanejo esta do lado dele,,mostre nos seus animais isso sim é necessario,ou vc tambem cuida de animais fantasma como muitos ativista por ai 
426;1;Parabéns pela vitória Capitão Augusto 
428;1;Parabéns Capitão,,mais uma vitoria. 
434;1;Rodeio legal não maltrata animal !!!!! 100 ¢ bons tratos 
453;1;A unica forma de um animal mestiço ou cavalo redomão conhecer a idade adulta e ser tratado como um astro é sendo de rodeio caso contrario vão conhecer a morte antes de mesmo de tornarem adultos,conheçam antes de criticar 
468;1;Parabens Capitao Augusto 
474;1;Valeu Capitão Augusto 
477;1;Vida longa ao rodeio,,muitas provas que foram proibidas continuam sendo feitas em fazendas sem a menor fiscalização e nem um ativista aparece para acompanhar,pelo menos nos rodeios,toda prova tem que se acompanhada por medicos veterinarios e outras muitas regras a serem seguidas.. 
489;1;Respeitamos a cor de seu Arco iris,,vc deveria fazer o mesmo e respeitar os gostos alheios 
493;1;Sinal que vc não sabe nada de festas mesmo,,jagauriuna ai pertinho de sua casa teve o maior publico dos ultimos seis anos em 2015 e sumaré teve record de publico desde 2010 
494;1;eu gostaria muito de poder apresentar para voce meus cavalos de perto e tambem ficaria muito feliz de ver como voce trata seus animais. 
495;1;Pode sim estar por um fio mais enquanto estivermos certos lutarwmos pela causa.#RodeioeCultura 
496;1;Parabéns capitão pelas palavras no congresso. 
498;1;PARABÉNS CAPITÃO AUGUSTO. 
500;1;Parabens Capitão Augusto seu nome sera lembrado sempre com muito carinho pelo povo sertanejo
