cla 1	 mensagem
1	parabéns Capitão,, moro em amparo e meus animis estão disposição de quem quiser conhecer,, e gostaria muito também de conhecer os animais da senhora Ana dos Animais
2	assasinato é manda-los para o frigorifico
2	Ninguem é obrigado a ir nas festas do peão,se não gosta,nao vá,,nao vamos na casa de ninguem falar o que voces devem fazer ou não.. cada um tem a cultura que quer
2	massacre é se eles não fossem para o rodeio e sim para o frigorifico,,ou vc acha que se não fossem para o rodeio iriam para o quintal da sua casa.
1	vai procurar sua turma,que lá voce sera mais feliz
2	Vice presidente da ong de guararapes e de araçatuba que cuida de animais carentes foi multado por maus tratos,,gente boa e gente ruim tem em todo lugar..
1	Obrigado Capitão Augusto pela dedicação ao povo sertanejo..
1	o povo sertanejo, agradece !!!!! Parabens Capitao Augusto
1	Viva o Rodeio e seus animais cada vez mais cuidados e bem tratados!!
1	Mais uma vitoria do povo sertanejo.
2	Escroto deve ser pai ou sua mae que não te deu educação para respeitar os gostos alheios,quem te disse que o que voce gosta é certo ?? Por acaso alguém da palpite na sua vida..
2	ESCROTO DEVE SER VOCE
1	Parabéns capitao,projeto aprovado na camara dos deputados.
1	Parabéns Capitão Augusto
1	Aprovado o projeto de lei nº 1767/2015 na camara do deputados Valeuuuuu Capitão Augusto
1	Parabéns Capitão,excelente vitoria na câmara dos deputados quem assistiu viu que foram espetaculares seus argumentos .
1	Parabéns povo sertanejo,aprovado na camara dos deputados o projeto de lei..
2	indefesos estão os humanos nesse país onde se morre uma pessoa a cada dez minutos.
2	o problema é seu do que voce gosta ou deixa de gostar,vai procurar sua turma
1	GRAÇAS AOS BEM INFORMADOS O PROJETO FOI APROVADO NA CÂMARA DOS DEPUTADOS COM A MAIORIA DOS VOTOS..PARABÉNS CAPITAO AUGUSTO
1	Sabias palavras no debate capitão,,parabéns pela vitoria na camara.
1	Parabéns pela vitória Capitão Augusto,, quem conhece sabe como são tratados esses animais
1	Parabéns Capitao.
2	só um imbecil como voce pra achar que esses animais são maltratados
2	que pais moderno é esse que voce está morando,onde uma pessoa é assassinada a cada dez minuto,,prefiro o brasil rural antigo.
1	muito bom seu depoimento na camara dos deputados capitão,, valeu pela vitória
1	PARABÉNS CAPITÃO AUGUSTO,JAMAIS ESQUECEREMOS SEU NOME
1	Parabéns Capitão Augusto
1	Parabéns pela vitoria na camara capitao augusto,, estaremos sempre do seu lado
1	Parabéns pelo empenho Capitão,o poco sertanejo está do seu lado
1	Aprovado o projeto na camara dos deputados,,parabens capitao augusto,quem conhece sabe que os animais de rodeio são mais bem tratados que muitos humanos nesse pais
1	PARABÉNS CAPITAO,APROVADO NA CÂMARA DOS DEPUTADOS O PROJETO DE LEI,, MUITO SÁBIAS SUAS PALAVRAS.
1	Parabéns Capitao Augusto,aprovado o projeto de lei na camara dos deputados.O povo sertanejo esta do seu lado
1	Rodeio legal não maltrata animal !!
2	UMA PESSOA É ASSASSINADA A CADA DEZ MINUTOS NO BRASIL E AS PESSOAS VEM AQUI QUEREREM ACHAR MAUS TRATOS NOS RODEIOS,NÃO SÃO OS ANIMAIS DE RODEIOS QUE ESTÃO PRECISANDO DE AJUDA ELES JA LEVAM VIDA MELHOR QUE MUITOS HUMANOS NESSE PAÍS
2	Milhares de pessoas sem agua e roupa em minas e não vemos nenhum ativista ajudar,,ficam ai criticando os rodeios,com certeza não são os animais de rodeio que estão precisando de ajuda nesse país, eles ja são muito bem cuidados.
2	Vai procurar o que fazer senhora ana dos animais,deixem os rodeios em paz,vá ajudar quem realmente precisa, pare de se querer promover as custas dos animais
1	Valeu Capitão,mais uma vitoria na camara dos deputados..Parabéns
2	Em um país que o respeito ao ser humano está se acabando, assaltos a bancos a luz do dia e pessoas sendo usadas como escudos humanos,,pessoas matando a namorada e cortando em pedaços,outras matando o proprio filho ,outras matando por um celular,,as pessoas vem aqui querer achar maus tratos nos rodeios,,não são os animais de rodeio que estão precisando de proteção,,quem não conhece deveria conhecer de perto,animais com auto valor de mercado,tratados como atletas,quem maltrataria animais tão caros,,conheçam antes de criticar.
1	LINDAS PALAVRAS NO DEBATE CAPITÃO AUGUSTO PARABÉNS POR MAIS UMA VITORIA,FALTA POUCO !!
1	Parabéns capitao pelo debate,lindas palavras o senhor disse e provou que entende muito do assunto,Parabéns por mais uma vitoria
2	POR ACASO COMEMOS CARNE COM SEU DINHEIRO,, COMEMOS O QUE QUEREMOS DA MESMA FORMA QUE VOCE COME O QUE QUER,CADA UM COME O QUE BEM ENTENDER E NÃO É DA SUA CONTA.
1	Parabens aos organizadores do Serra Negra Rodeio Festival 2015,mais um evento sertanejo ajudando vidas nesse país.parte da bilheteria revertida para o hospital da cidade.
1	Parabéns Capitão por mais uma conquista.
1	Parabéns capitao,mais uma vitoria no congresso
2	Vai cuida da sua vida veia sem vergOnha , não devemos nada a você. Cuide dó seu nariz . Quem é vocêe pra nos dizer o devemos ou não fazer ? Vai joga bingo sra. Vai curti o resto da vida que ainda lhe resta
2	O mané, repondendo assim você parece uma menininha . Pra começar montalos não lhes causa nenhuma dor ou incomodo esses animais conseguem suportar até 25% do seu peso eu peso 75 kilos e consigo me locomover caregamdo 20 kilos tranqüilo . A média de um animal desses é de 890 kilos . Não misture as coisas colega . Pra você é fácil vir aqui e falar abobrinha. Vai conhecer primeiro depoisv venha aqui comentar. Acho que era você que deveria ser montado seu asno. Venha ver como vive homens de verdade aqui na fazenda
1	PARABÉNS A TODOS OS IDEALIZADORES DA FESTA DO PEAO DE SERRA NEGRA QUE TEVE PARTE DA RENDA REVERTIDA PARA O HOSPITAL
1	Valeu capitao,conte com nosso apoio sempre.
2	vai voce e seu pai lavar banheiro
2	quem é voce seu bacaba,,vai voce e sua familia lavar banheiro,nao vamos no rodeio com seu dinheiro.
2	Em pais que uma pessoa é assassinada a cada 10 minutos vem voce querer proibir a gente de montar em boi !!!! vai voce lavar banheiro e procurar o que fazer,,montamos e vamos continuar montano nos rodeios ou nas fazendas e não é voce que vai dizer se vamos ou nao fazer,,vá atrás de coisas mais importantes se voce se preocupa tanto com seu país.
2	Já temos nossas fazenda pra tomar conta meu filho . Não se preocupe que serviço pra nos não falta seu vagabundo . Cuide da sua vida alienado da cidade.
2	me diga um nome de um ex veterinario ou ex competidor que é contra, vai procurar sua turma ,,montamos nos animais,,comemos animais e isso nao é da sua conta,nao fazemos com seu dinheiro
2	Alguém qe usa uma foto da Lizzy dos Simpson não merece repeito . Se qer deixar sua crítica blza mais uma crítica é formada por diálogo por argumentos minha filha e acima de tudu um rosto. Pare de jogar merda no ventilador e mostre as estatísticas o documento que prove qe esses animais são torturados. Você o possui? E nomes como vce disse acima qe existe veterinários que são contra as práticas . ? E msm se tiver ninguém é obrigado a gostar Lizz . assim como você. Temos outra criação , costumes e crenças . SE NÃO FOR PEDIR MUITO heueheu crie um perfil vinculado com seu facebook :@
1	Obrigado pela visita em nosso rodeio capitão,,mais um rodeio com renda destinada a quem precisa.. animais que seriam devorados,,estão vivos e fazendo o bem para quem precisa.
2	Em um pais que morre uma pessoa assassinada a cada 10 minutos talvez seja melhor ser um animal de rodeio. em um país que se morre por um aparelho de celular,acredito que seja melhor ser um touro de rodeio.
2	Por aqui comemos animais,,porque não montá-los
2	aqui comemos animais e alguns bem mal passado ainda soltando sangue,,porque não monta-los.
2	Não só montamos como tambem comemos em churrasco ou ensopados ou na panela de pressão,,não como com seu dinheiro e nem vou na sua casa te falar o que voce deve gostar ou comer.
1	Parabéns Capitão Augusto,segundo o portal G1 da Globo o rodeio é o maior patrocinador do Hospital do cancer de barretos,cultura sertaneja ajudando quem realmente precisa.
1	Parabéns aos organizadores da Festa do Peão de Serra negra,parte da arrecadação foi doada para o Hospital da cidade,enquanto alguns criticam, o rodeio segue ajudando vidas.
2	o Ariesley toma algum medicamento estragado,onde sera que ele viu algum animal com seu testiculos esmagados,,imagina se um animal tivesse seu testiculos esmagados toda vez que pulasse quantos testiculos ele teria que ter,e as eguas sera tem que amarrar o que nelas,,Não seja ridiculo Ariesley aprenda antes de falar.
2	Seu babaca 7 milhoes de pessoas passam fome nese pais e voce vem falar em maus tratos com os animais de rodeio,conheça antes de falar seu idiota,,esses animais são mais bem tratados do que muito humanos nesse pais. Onde é que voce viu um animal desse de perto ????
2	Nos mostre onde voce viu um animal com seu saco apertado seu imbecil,,não seja voce o animal não fale coisas sem saber,,por isso eu depoimento não serve pra nada porque voce fala mentiras Mentirosoooo.
2	palhaçada é o o vice presidente da ong de guararapes e de araçatuba ser multado por maus tratos , isso sim é uma palhaçada,,pessoas se dizerem protetores de animais e serem multados por maus tratos.
1	Parabéns Serra negra,mais um evento com parte da renda revertida para o hospital,,evento lindo,,cultura sertaneja ajudando o povo brasileiro.
2	Queremos a desfiar esse mentiroso do senhor Ariesley Nogueira a nos falar e provar onde viu m animal com seus testiculos amarrados,, mentiroso e fala coisas sem saber.
1	Parabéns a todos organizadores da Festa do peão de serra negra,mais um evento com parte da renda revestida para o hospital.. Rodeio ajudando vidas
2	Seu idiota imbecil e mentiroso nenhum animal tem seus saco esmagados se estivesse como serviria pra reprodutor as esporas são lisas como moedas seu otario é mentirso sim,,nos diga onde viu um animal com seu saco amarrados.. fala o nome da cidade que v viu.. Mentiroso
2	O QUE FAZ UM ANIMAL PULAR É SUA INDOLE SEU BABACA,OU VC ACHA QUE QUALQUER ANIMAL PULA,,SE TODOS ANIMAIS PULASSEM OS QUE PULAM NÃO CUSTARIAM TAO CAROS,APRENDA SEU IMBECIL SAI DE TRAZ DA SAI DA SUA MAE E CONHEÇA DE PERTO.
1	eu ja tive a oportuinidade de conhecer de perto e amei o que vi, animais saudaveis e bem mais tratados do que muitos humanos nesse pais
2	Esses ativista idiotas vem querer proteger os animais falando inverdades nenhum animal de rodeio tem seus testiculos apertados,tambem amamos os animais talvez bem mais de quem fica por traz de computadores falando mentiras.
2	em um pais que as pessoas nao podem nem sair de casa com um celular ou uma correntinha de ouro que são mortas no meio da rua,vem voces querendo proibrir o rodeio,com certeza não sao os animais de rodeio que estao precisando de proteção
2	Esse ativista mentiroso chamado Arisley vem aqui falar que foi no rodeio e viu um animal com seus testiculos amarrados desafio a a ele a falar o nome do touro e do proprietario que fez isso,,mentiros isso não existe mesmo porque se amarrar o testiculo de um animal ele deita e nao pula.. mentiroso
2	OLHA COMO VOCE É IMBECIL E MENTIROSO SE TIVESSE IDO NO RODEIO JAMAIS FALARIA QUE OS ANIMAIS TEM SEUS ORGAOS GENITAIS APERTADOS SEU MENTIROSO ISSO NÃO ACONTECE NO RODEIO,PRIMEIRO QUE AS EGUAS E OS ANIMAIS CASTRADOS NAO TEM TESTICULOS E JA EXISTE UMA LEI DESDE 2002 QUE PROTEGE ELES DE MAUS TRATOS E SE VOCE ESTIVESSE VISTO MAUS TRATOS PODERIA TER DENUNCIADO O VETERINARIO RESPONSAVEL OU O DONO DO ANIMAL,NAO FALE COISAS SEM SABER.
1	G1 DA GLOBO.. RODEIO É O MAIOR PATROCINADOR DO HOSPITAL DO CANCER DE BARRETOS. RODEIO AJUDANDO VIDAS
2	Milhares de humanos passando fome nesse pais,muitos ainda trabalhando em trabalho escravo,milhares tomando agua de açude ,milhares sem saneamento básico,e pessoas vem falar que os animais de rodeio são maltratados.
2	Que evolução humana ?? moramos em um pais que 19 celulares são roubados por hora em são paulo.que 15 crianças são vitimas de violencia a cada hora, que o crime mata 143 pessoas por dia,, que politicos roubam milhoes e ficam detidos dentro de suas proprias casas,que pessoas não pode mais tomar bano de mar que são assaltadas, que evolução o Ariesley ve nesse pais, e ainda vem falar em sofrimento animal,onde e quando sera que voce viu um animal de rodeio de perto,,se tivesse visto com certeza jamais falaria isso.
1	Valeu Capitao Augusto pela visita em nosso rodeio,parabéns pela iniciativa,,espero que tenha gostado de como estavam sendo tratados os animais.
1	Animais de rodeio sao tratados como astros,ninguem maltrata um astro,conheçam antes de criticar
2	Oh, sua ridicula onde voce conheceu um touro de rodeio de perto ??
2	Onde voce viu um touro de rodeio de perto ??????? se tivesse visto não faria esses comentários idiotas que voce fez,falar coisas sem saber também é ignorãncia,muitos animais ganham até sepultura se voce não sabe,,tira esse toca ridicula que ela deve estar atrapalhando seu cérebro .
1	Muito obrigado Capitao Augusto pela visita em nosso Rodeio,,seu nome sempre sera lembrado com muito carinho pelo vo sertanejo
2	Mai uma pessoa morta por um aparelho celular no brasil e pessoas ficam discutindo sobre rodeio,,com certeza não sao os animais de rodeio que estão precisando de proteção eles ja são muito mais bem tratados do que muitos humanos por aqui
2	Pessoas aqui falam pra proibir o rodeio porque é atraso da humanidade e o que é evolução ? essa semana foi colocado fogo em policial ainda vivo no rio de janeiro,isso seria a evolução da humanidade ?
2	vai te catar florsinha,faz alguma na vida e para de encher o saco dos outros
2	seu babca cad um come o que quiser e em sua homenagem vou matar um carneio só pra fazer um churrasco
2	ja te dei meu endereço seu bosta é só me falar quando e a hora que quiser voce ode vir no meu sitio ja te passei até meu apelido sai de baixa da sai da sua mae e vem pra cá.
2	voce é um frutinha criado com avó rapas vem aqui no meu sitio que te ensino alguma a coisa do campo
2	o seu bosta vou te falar pela ultima vez moro em amparo e meu sitio é bem na entrada da cidade meu apelido é paulao calanchue todo mundo me conhece por aqui seu merda quando quiser conversar olho no olho de perto é so chegar aqui.. não sou que me escondo de baixo da sai da minha mae.
2	esse luis paulo alem de não gostar de festa do peão,tambem quer obrigar a gente comer o que ele come,cada um come o gosta ou o que bem entender,nao comemos com o dinheiro dele,como carne e vou continuar comendo ate quando eu desejar.
2	Eu estava esperando voce voltar seu frutinha,,ja te falei onde moo e meu endereço,,resolveu virar homem,,quer que vou te buscar para passar uns dias em casa.
2	cada um come o quer seu idiota
2	Como carne todos os dias e vou continuar comendo não compro com seu dinheiro seu otario
2	venha viver como homens de verdade seu comedor de plantas venha para minha propriedade que mato um carneiro pra gente fazer um bom churrasco.
2	Como quanta carne eu quiser crio e abato meus proprios animais ,não é da sua conta noa vivo com seu dinheiro.
2	Como boi,carneiro,galinha,porcos,peixes,javalis,patos e etc. e o que voce tem com isso se voce quiser comer samanbáia , flor do campos ou silo o problema é seu cada um come o que gosta,tem gente que come inseto,cachoorro,escorpiao
1	Valeu Capitão Augusto pelas visitas nos rodeios,espero que esteja gostando das recepçoes
2	cada um come o quer seu babaca,,nao vamos na sua casa te falar o que voce tem comer.
1	Parabéns a todos os organizadores do 24º Socorro Rodeio Festival 2015,toda a renda da bilheteria revertida para a santa casa de socorro, enquanto muitos criticam o rodeio ajuda.
1	parabéns aos organizadores da festa do peao de barretos 2015,mais de 15 milhoes arrecadados para o hospital do cancer.
1	G1 da globo ! rodeio é o maior patrocinador do hospital do cancer de barretos
1	 Valeu Capitao estamos te esperando na Expo Artur 2015
1	Parabéns capitao,cultura cada um tem a quer ou a que foi criado
1	Rede globo acaba de informar,,rodeio maior patrocinador do hospital do cancer Rodeio ajudando vidas.Conheçam antes de criticar
2	Absurdo é voce morar em um pais que estão matando por uma bicicleta ou um celular,absurdo é as pesoas não poderem nem ir na praia que sofrem arrastões,isso é absurdo.
1	Animais de rodeio são mais bem tratados que muitos humanos nesse país
1	OBRIGADO PELA VISITA CAPITÃO,ESPERO QUE TENHA GOSTADO DA RECEPÇÃO.
2	Anencefalo primitiva deve ser voce,,o que voce conhece da vida desses animais ?? fica ai falando coisas sem saber,,em um pais que se rouba 1200 carros por dia,um pais que mais 7,2 milhoes de pessoas passam fome,vove vem aqui se preocupar com os rodeios,nos deixe em paz,,cultura cada um tem a quer quem te falou que a sua cultura é cultura pra nos,,cuide da sua vida ,não vamos na sua casa te falar do que voce tem que gostar.
1	vamos evoluir e aprenda como vivem animais de rodeio,sao mais bem tratados do que muitos humnos no brasil
1	O rodeio ja faz sua parte ,mais 15 milhoes a festa de barretos doou para o hospital do cancer,em socorro sp toda a renda da bilheteria foi revertida para a santa casa de socorro e voce faz o que ??
2	IGNORANTE É VOCE ,,QUAL INSTRUMENTO QUE MACHUCA O ANIMAL VOCE VIU,AORENDA ANTES DE FALAR E PASSAR POR RIDICULO
2	O SUA IGNORANTE ONDE VOCE VIU ALGUM ANIMAL DE TESTICULOS AMARRADOS,NAO FALE COISAS SEM SABER
2	Com essa carinha de tonta sua da se ver que não sai de casa..onde voce viu um animal com o saco apertado,,se voce fizer isso em um animal ele deitaria e quem aguentaria passar anos com seu saco apertado e terminar a vida como reprodutor ainda..Vá conhecer antes da falar besteiras
1	quem conhece se surpreende,animais tratados com muito carinho,conheçam antes de criticar.
2	E o que cultura para voce morar em um estado que matam pessoas por um celular,ou pessoas inteligentes que roubam milhoes da petrobras,onde é que voce mora que tem tanta cultura como voce menciona,no meu pais não tem isso,o que tem bandidos armados ate os dentes matando policias todos os dias,matando pessoas porque entraram em uma errada e etc...
2	Esse é nosso pais,, quando passa um policial matando um bandido fica passando um mes na televisão,quando um bandido mata um policial sai uma nota e nada mais,,realmente somos um pais sem cultura.vai procurar o que fazer girafa louca.
2	Seu imbecil se voce não gosta voce deveria pelo menos respeitar quem gosta seu otario, ninguém fica questionando o que voce gosta de fazer,, se acha as pessoas que gostam imbecis fique longe delas,,porque fica nesse site mandando mais 500 mensagens para pessoas que voce acha imbecis,talvez o maior imbecil daqui seja voce.
2	Ôô jumentinha, pesquisa so um pouquinho pra vim aqui escrever alguma coisa
1	Rodeio é 100% bons tratos aos animais,conheçam antes de criticar
1	Parabéns Capitao pela primeira vitória,quem conhece sabe o porque .
2	onde voce viu um animal de rodeio de perto,nojo da de pessoas como voce que fala coisas sem saber
2	REALMENTE NOJO DÁ DE UMA PESSOA QUE FALA UMA COISA QUE NUNCA VIU
2	Nojo da de uma pessoa que fala coisas sem saber,,onde e quando voce viu um animal de rodeio de perto ???
2	vagabundagem deve ser a sua que fica o dia inteiro nesse site
1	28.000 metade do publico de uma noite mais ou menos em barretos, parabéns!
1	Obrigado Capitao Augusto espero que tenha gostado da recepção no rodeio de timburi.
1	PARABÉNS CAPITÃO AUGUSTO PELA PRIMEIRA VITÓRIA,COM CERTEZA AS PESSOAS QUE SÃO CONTRAS NÃO FIZERAM O MESMO ESTUDO QUE O SENHOR,TANTO QUE TEM MUITAS DELAS QUE AINDA ACHAM QUE OS ANIMAIS DE RODEIO TEM SEUS TESTICULOS APERTADOS.
2	Em um pais que pode tudo porque querem proibir a gente de montar em touros,estão até pensando em liberar as drogas,agora vão querer proibir a gente de montar em touros,menor de 18 anos pode matar,roubar e estuprar que fica no maximo até 21 anos na cadeia,homem pode casar com homem,mulher com mulher,politicos roubam e ficam detidos em suas mansões,aqui pode tudo,
1	valeu Capitao,espero que tenha gostado da recepção que teve em nosso rodeio o povo sertanejo de abraça com carinho
2	Tô de olho nessas pessoas que é contra o rodeio, Mas é à favor da legalização de drogas, montar um animal é maus tratos para esses babacas, agora financiar e sustentar o crime, matando pessoas inocentes não tem problema nenhum né bando de hipócritas, só digo uma coisa principalmente para esses usuários do votenaweb, vocês são responsáveis pelas vidas ceifadas através do tráfico!!! Seus hipócritas!
2	Pior é você que não cuida nem do próprio umbigo e quer cuidar do de outras pessoas!!
2	"É um ""ze nada"" mesmo, copiou do comentário que a Ana postou semana passada? "
2	E onde voce viu animal de rodeio ser torturado ?? por conta de pessoas como voce que rodeio nunca vai acabar,por conte de gente que só fala o que não sabe e não viu.
2	Bestalidade uma ignorante como voce falar coisas que nunca viu isso sim é uma bestalidade.
2	Bestalidade é uma pessoa querer passar por intelectual e falar coisas que nunca viu e nem conhece de perto isso é ser besta
2	Ohh seu ignorante onde voce viu um animal com testiculos apertados,por conta de leigos como voce que a projeto ja avançou o primeiro passo por pessoas que dizem coisas sem saber
1	Boa demais capitão o povo sertanejo está do seu lado
1	MUITO OBRIGADO PELA VISITA NO RODEIO DE TIMBORI CAPITAO AUGUSTO,ESPERO QUE TENHA GOSTADO DA RECEPÇÃO.ESTAMOS DO SEU LADO
1	Valeu Ipausu festa lotada todos os dias e o Capitao muito aplaudido pela galera.
1	MUITO OBRIGADO PELA VISITA CAPITÃO ESPERO QUE TENHA GOSTADO DA RECEPÇÃO,ESPERO QUE EM TODOS OS LUGARES O SENHOR SEJA RECEBIDO COMO FOI AQUI ,IPAUSU TE AGRADECE COM CARINHO,O POVO SERTANEJO TE APLAUDE SEMPRE.
1	Valeu Capitao hoje aqui na minha cidade estamos preparando uma linda recepção para o senhor o povo do rodeio te agradece. seja bem vindo
1	Parabéns pela visita em nosso evento Capitão seu nome sera lembrado sempre mesmo quando o senhor não comparecer, e parabéns também pela primeira vitória. de passo em passo a gente chega lá.
1	Parabén pela visita em nosso evento Capitão o povo sertanejo te aplaude,conte com nosso voto sempre.
1	Mais uma festa realizada com 100% da renda revertida para os hospitais rodeio segue ajudando vidas
2	Vai procurar sua turma sua estupida,comemos o que queremos e nao comemos com seu dinheiro vai procurar o que fazer se isso não cultura pra voce vai proucrar lugares cultos e nos deixe em paz sua babaca se acha que isso não é cultura vai para onde tem pessoas cultas como vc
2	crio meus propiros animais e sou eu mesmo quem os abate, e dai nao te devo nada pra voce vai comer o que voce quiser,capim silo,alaface nao vamos te falar o que voce tem comer cuide da sua vida
2	Vai cuidar da sua vida não comemos e nem vivemos com seu dinheiro se gosta ou não é problema seu
2	IDIOTA DEVE SER PAI QUE TE EDUCOU ASSIM E ONDE VOCE VIU UM ANIMAL DE RODEIO SER MALTRATADO SEU BABACA ONDE E QUANDO PELA SUA CARA DE PAYBOY NUNCA DEVE TER VISTO DE PERTO E NEM QUEREMOS SUA PRESENÇA SEU MAU EDUCADO SEM EDUCAÇÃO OTARIO IMBECIL IDIOTA QUEM É VOCE PRA CHAMAR ALGUEM DE IDIOTA DEVE SER UM IDIOTA.
2	Imbecil idiota conheça antes de criticar seu babaca
2	vai te catar seu imbecil ,,onde voce viu de perto um animal de rodeio ???
1	Rodeio 100% bons tratos conheçam,informem se
1	Valeu Capitão Augusto sua presença na Festa do Peão de Ipausu no deixou muito contentes,
1	PARABENS CAPITAO AUGUSTO,PRIMEIRO PASSO JA FOI DADO
2	onde ? no frigorifico deixa de ser babaca pra onde vc acha que iriam esses animais ? pra sua casa
1	Parabéns pela vitoria capitao,nossos animais continuam a disposição pra quem quiser conhecer de perto como vivem.
2	eu coço o saco e assumo só trabalho aos finais de semana e voce tambem porque não sai desse site vai procurar o que fazer ou vem logo pro nosso lado
2	"E eu falo que esse pessoal do ""NÃO"" tem é inveja e não são protetores de animais bosta nenhuma, porque tem um projeto de proibição de uso das carroças em cidades e eles não votaram lá, é o uso de cavalos em carroças sim é mau trato, animais debilitados, passam fome, sede, carrega excesso de peso! Mas esses eles não importam porque são de pessoas humildes né? Ai não tem nada para vocês roubar deles!! "
2	Cara veio com esse link dinovo? Começo a achar que voce realmente é um debio mental, referente à isso já tem outro topico no qual você não teve argumento e simplesmente veio fazer novo comentario por falta de argumentos.
2	Você é tão otário que em um comentário abaixo diz não ficar copiando e colando comentários, só desse link você já copiou e colou umas cinco vezes, vocês mesmo si contra dizem em seus próprios comentários de tão idiotas que são!
2	O palhaço desse link eu já ti falei né! Si quer discutir algo, venha com fontes sérias e verdadeiras, não vou perder meu tempo com link de um site de um ativista de bosta!!
2	E outra coisa, vou repetir, Mas vocês fingem de desentendidos ou é porque são burros mesmo, minha resposta para os argumentos desse link está em um tópico abaixo, no qual você ficou calado por não ter novos argumentos, e ai vem postar dinovo, você quer que eu copie e cole aqui? Não vai resolver né, porque ai você finge que não viu e faz um novo tópico! Ze mané girafails.
2	Você tentou algo no ramo do rodeio mas não teve futuro, por isso essa revolta e inveja toda do rodeio, mas você tentou ser palhaço porque bom comediante você é viu!! não preciso sair em revista nenhuma, de invejosos já basta você, que deve ter um apartamento de dois cômodos financiando em 25 anos, isso si é que não paga aluguel ou mora de favor! Eu não tenho que expor minha vida para bandidos crescer o olho não!
1	RODEIO LEGAL NÃO MAU TRATA ANIMAL
2	Moramos em um pais que menor de 18 anos pode matar e roubar,que pessoas matam por um celular,que temos a maior parada gay do mundo nas ruas de sao paulo,que politicos roubam e ficam presos em casa e as pessoas querem proibir a festa do povo sertanejo.
1	valeu Capitao augusto Parabéns pela primeira vitoria
2	voce é uma imbecio
2	vai procurar sua turma porque a nossa não te quer,aqui voce não vai achar namorado
2	Os únicos que repetem coisas aqui são vocês com essas coisas que qualquer pessoa com um pouco de inteligência sabe o que é e não é verdade!! Mostra alguma coisa que eu copiei de alguém seu ze mané.
2	onde voce viu um animal ser toturado seu imbecil
2	imbecil deve o senhor seu pai que nao te deu educação
2	sua imbecil onde e quando voce viu um animal com o saco amarrado,nao fale coisas sem saber sua idiota
2	Logo ve pelo seu arco iris que voce não entende nada desse mundo,onde voce viu de perto crueldade e expoloração com esses animais,esses animais nao ficariam em paz,seriam abatidos
2	e o que tem de bom nesse seculo xxi,,pessoas sendo mortas pelos seus proprios filhos ou esposas matando seus maridos para ficarem com sua pensão,outras sendo mortas por um celular ou uma correntinha de ouro,,onde voce esta vendo avanço da humanidade ai no seculo xxI
1	Parabéns |capitao,primeiro degrau ja vencido
1	Valeu Capitao Augusto pode contar com nosso apoio
1	Parabens a todos organizadores do socorro expo agro 2105,toda a renda da bilheteria revertida para o hospital de socorro enquanto os outros criticam voces ajudam !!!!
1	Parabens capitao,,de grao em grao a galinha enche o papo,,primeiro passo ja ganhou
2	VAI CAÇAR UM NAMORADO HAROLDO TODO MUNDO SABE QUE VOCE É UMA MULHER,VAI TRABALHAR VC PARECE SER TAO VAGABUNDO QUANTO EU NÃO FAZ NADA FICA AQUI O DIA INTEIRO CRITICANDO TO ACHANDO QUE VC É ALGUM COWBOY CO MO EU,FAZ NADA A SEMANA INTEIRA E NO FINAL DE SEMANA PASSEIA EM ALGUM EVENTO
2	O girafails só porque está escrito UOL no link quer dizer nada, o site está bem fuleiro para ser do UOL, à começar pelas cores, um site feito por ativistas muito ruim que não soube nem falsificar bem, E simplesmente colocou um UOL no meio do link para enganar otarios como você.
2	"Para você que é desintendido, não deve ter muito estudo, talvez por isso essa dificuldade em assimilar certas coisas, o site nunca foi, não é e nunca será do UOL. O link fuleiro que não sei como vocês consegue achar isso, Si chama "" congressoemfoco"" é depois, o péssimo profissional que fez colocou um UOL, para enganar pessoas de menos inteligência como você! "
2	"Depois você digite em seu PC ""www.uol.com"" si você à inteligência de um garotinho de 5 anos, você vai conseguir ver a diferença do site ""UOL"" é dessa fuleragem desse link que você arrumou! "
2	"Você é um cara tão retardo e invejoso que distorce todas conversas e quando não tem resposta ou argumentos finge que nem viu o último comentários do ""sim"", E um exemplo é você citar alguém com 300 bilhoes de cabeça de gado, ou você não sabe ler ou não sabe escrever ou é à inveja mesmo né!? "
1	PARABÉNS CAPITAO PELA PRIMEIRA VITORIA SEU NOME FOI LEMBRADO COM MUITO CARINHO NA FESTA DE IPAUSU SP,CASA CHEIA TODOS OS DIAS MESMO COM CHUVA.CONTE COM NOSSO APOIO
1	Parabens Capitao seu nome foi lembrado com muito carinho na festa de vargem grande do sul
1	Mai um rodeio benificiente essa semana,casa lotada graças a deus,rodeio ajudando pessoas carentes. Parabéns Capitão Augusto muitos são contra mas milhares são a favor,nem jesus agradou a todos.
1	VALEU CAPITAO AGUSTO,QUEM CONHECE COMO O SENHOR CONHECEU,SABE COMO VIVEM ESSES ANIMAIS,RODEIO LEGAL NÃO MAU TRATA ANIMAL.DE PASSO EM PASSO A GENTE CHEGA LÁ.
1	Parabéns pela primeira vitória Capitao Augusto,pode contar com a galera dos 3 tambores.
1	parabéns Capitao Augusto,pela primeira vitoria.
1	Obrigado capitao augusto,por olhar para o povo sertanejo.
1	PARABÉNS CAPITAO,PRIMEIRA ETAPA CONCLUIDA
2	O Haroldo fala tudo baseado no preconceito, todo mundo sabe disso , ele ta pouco se fudendo com os animais ele não gosta é da classe
1	Parabéns Capitao..primeiro passo ja foi
2	Analfabeto deve o senhor seu pai,,use seu nome real primeiro depois voce venha discutir,,todo mundo aqui sabe que voce é uma mulher.se até seu nome é falso imagina sua personalidade
2	Único analfabeto e desentendido aqui é vocês, principalmente voce girafales, si existisse maus tratos em rodeio todos seria embargados, como isso não acontece, qualquer pessoa com um pouquinho de inteligência sabe que quando um rodeio é embargado é devido alguns fatores descumpridos, e mais uma vez volto à repetir, isso acontece em rodeios pequenos com maus profissionais na organização!
2	"Haroldo o meu lema é ""mais rodeios e menos babacas"" "
2	você não gosta de rodeio e é um babaca ou seja !!!
2	"Haroldo girafales, vulgo ""ze ninguém da sociedade "", enquanto você vem com o milho eu já estou com o fubá pronto, não precisa me mandar link, pois eu pesquiso os fatos à fundo, em relação ao face com o nome de órgão público é um ativista fake, em relação ao rodeio é uma série de fatores descumpridos, mas como eu disse isso acontece em rodeios pequenos com maus profissionais na organização! "
2	Assuma seu preconceito que doi menos , seu problema não é com os animais que você sabe que não sofrem maltratos , seu problema é com o o meio do rodeio, pessoas que frequentam, musica que é tocada, assume que fica mais bonito.
2	Esse povinho tem é inveja mesmo do pessoal do rodeio, inveja por não ter nada e saber que todas pessoas envolvidas no rodeio são bem sucedidas, infelizmente o sol é para todos à sombra é só para alguns, mas não temos culpa de você ser um NADA na sociedade. E enquanto você ficar nessa inveja achando que vai derrubar os bem sucedidos, você vai continuar sendo esse NADA na sociedade!!!
2	Não discutir com você pq você é um babaca que expõe seus argumentos baseado no preconceito e não na causa.
2	Meu amigos do SIM um sugestão não entrem em discussão com o tal de HAROLDO o sujeito é preconceituoso e sempre desanda a discussão para ofensa , ele está aqui pois teve sua maquina de churros estragada por um peão de rodeio, conforme ja foi falado nessa discussão tempos atras.
2	Ninguem é lord aqui não..lixo deve ser voce quem tem lodo até no nome.quem é voce para chamar nossa cultura de lixo e a musica sertaneja de mediocre
1	Parabéns pela iciciativa capitao augusto de 24 a 27 de setembro Socorro rodeio festival.Toda a renda da bilheteria revertida para a santa casa de socorro.Rodeio ajudando vidas.
1	Parabéns Capitão Augusto pela primeira conquista,estamos do seu lado. Rodeio quem não conhece critica,quem conhece ama. vamos conhecer antes de criticar !!!!
1	Parabéns pela primeira vitoria capitão quem conhece,sabe porque o senhor defende,
1	PARABÉNS CAPITÃO AUGUSTO ,POR OLHAR PARA O POVO SERTANEJO
2	Meu pai tem só 30 mil cabeças de gado, capaz que eu não sei mesmo o que é ser peão de verdade não, E muito menos vvocê que é um ze ninguém na sociedade!
2	OLHA COMO VOCE É BABACA,UM CAVALO PANTANEIRO TRABALHA DURANTE HORAS POR DIA E QUASE TODO DIA UM CAVALO DE RODEIO TRABALHA POR 8 SEGUNDO NO MAXIMO 2 VZS POR SEMANA,VIVE EM MEDIA 4 A 5 ANOS A MAIS QUE UM CAVALO DE SERVIÇO SE VOCE FOSSE UM CAVALO SERA QUE PREFERIA SER UM PANTANEIRO OU UM DE RODEIO.
2	E outra coisa por isso vocês fala tanta Merda sem saber, porque fica vendo vídeos ai na Internet e não sabem nem si são verdadeiros! Eu vivo de realidade! Capaz que vocês são tão tolobas que acreditam até nessas merdas de novelas que passam na televisão!
2	Eu estou vendo que só mesmo um tonto como voce acha que um animal de serviço no mato grosso vive melhor que um cavalo de rodeio,os pantaneiros trabalham durante horas em um sol de 40 graus,mas tem que fazer o serviço,porque se fizerem quem faria por eles,, e os cavalos de rodeio trabalham no maximo 8 segundos quando trabalham,, aprenda voce antes de falar tanta besteiras.
2	"Vai cuidar da sua vida seu ""fake"" seja você quem for, os touros de rodeios são particulares o dinheiro gastos para realização dos rodeios são particulares, então vocês não tem nada pra entromenter aqui, Si não gosta é só não ir aos eventos!!! "
2	sai pra lá mulher com nome de aroldo vai procurar sua turma talvez as encontre na parada gay da avenida paulista.
2	Como voce é ridicula sera que as pessoas que estavam lá tambem eram fantasmas como seus animais.Ana dos Animais fantasmas... Vi passear com o Haroldo Girafales ele deve ser da mesma turma que voce,ou são irmaos gemeos,,vcs falam exatamente as mesmas coisas.
2	VAI TE CATAR GIRAFA LOUCA TODO MUNDO AQUI SABE QUE VOCE É UMA MULHER QUE MODINHA?? ,BARRETOS ESSE ANO COMEMOROU 60 ANOS,,A FESTA DE ITAPIRA COMEMOROU 47 VC ACHA QUE UMA MODINHA DURA 60 ANOS ??? VAI PROCURAR SUA TURMA DE COROCAS E VAI TOMAR CHÁ. OU USE SEU NOME VERDADEIRO.
2	cala tua boca frutinha,cada hora voce inventa alguma coisa,,ja te passei meu endereço meu nome meu apelido e onde fica minha propriedade,,quando quiser virar homem me procure,,,
2	vira homem fruta,,nao falamos do seu desfile nas ruas de sao paulo,,se voce acha a aparada gay cultura entao tambem achamos,,cada um na sua.
2	Oh Lunático acorda pra vidaaaaaaaaaaaaaa
2	Resolveu virar hominho ? aprendeu que animais sao devorados por humanos nesse pais.
2	Aí sambista, Aluys, SEJA VEGETARIANO, FEMINISTA, EVANGÉLICO, ATEU, DE ESQUERDA DE DIREITA, SEJA A PORRA QUE VC QUISER, SÓ NÃO ENCHE O SACO DAS PESSOA!
2	chega de usa los´e mande os para o matadouro ?..
2	E o que é apresentação o derna para voce,,pessoas sendo mortas na porta da igreja mais famosa do brasil ou sendo morta com um tiro no peito por conta de um celular,,esse é o pais moderno seu.
2	o UFC ,o esporte da moda hoje seria o que para a senhora.. gladiadores da era moderna.temos muitas coisas medievais ainda,pessoas sendo esquartejadas e colocadas dentro de malas,outras matando seres humanos para fazerem coxinhas etc..ainda não evoluimos tanto como voce gostaria.
2	Riciculo de ve ser voce,vai cortar essa barba,arruma esse cabelo,melhora essa cara de louco. e aprenda sobre esses animais.
2	Realmente voce é ridiculo.
2	Tambem achei voce bem ridiculo
2	Si eu não entendo, você menos ainda que só entende de ração de gato e olhe lá, capaz que dá é arroz com feijão pro seu, em relação às tramitação das lei, meu pai também que está dentro do plenário mepassa todas as iinformações necessárias!!!
2	e vem um babaca como voce falando coisas sem saber querendo se passar por culto.onde voce viu um animal de rodeio ser mau tratado..onde e quando em qual evento,falar coisas sem saber também é ignorancia,,se nao gosta respeite quem gosta,o que é desprezivel para voce ,pode ser um modo de vida para outras pessoas,quem te falou que só seu modo de vida é o certo.
2	PORCARIA DEVE SER SUA VIDA,O QUE É CULTURA PRA VOCE PODE NÃO SER PARA OUTRAS PESSOAS,CULTURA CADA UM TEM A QUER.CONHEÇA ANTES DE CRITICAR.
2	voce está no brasil aqui se mata por um celular ou por uma carteira vazia ou qualquer coisa assim,esse pais é assim mesmo,presos que não tem filhos saem no induto do dia dos pais e etc.. aqui é assim,não aprendeu ainda então muda para europa lá é diferente aqui não.
1	APROVADO, APROVADO, APROVADO, APROVADO, APROVADO, APROVADO, APROVADO, APROVADO, APROVADO, APROVADO, APROVADO, APROVADOOOOOOOOOOOOOOOOOOO!!!! VIVA O RODEIO!!!
2	A sua mãe eu monto a hora que ela quiser!
2	otario é voce de nao saber que os animais que nao vao para o rodeio vao para o matadouro,onde a morte é melhor que a vida,,só no seu mundo.
2	deixa voce de ser ridicula ,aprenda que nehum animal tem o saco apertado e o animal que nao vai para o rodeio vai para o matadouro,,aprenda antes de falar ou voce acha que os animais que nao vao para o rodeio vao para shoping
2	cade seus animais,,vai procurar o que fazer,,voce não cuida de nenhum animal,chega dessa conversinha que não quer mostar,,vai procurar serviço voce deve uma desocupada,,se quiser dar um pulo em amapro e conhecer os meus estao a disposição,,vem aqui mato um carneiro pra nos e agente comemora com um churrasquinho,,vai te catar voce deve mais uma daquelas que pega dinheiro para cuidar de animais invisiveis,,cade seus animais..nos mostre por favor
2	E OUTRA PARTE EM ASSALTOS E TRAFICOS,,VOCE ASSISTI JORNAL,ONTEM DOIS ADOLECENTES DE 14 E 17 ANOS MATARAM A ATIRARAM FOGO EM UMA MULHER.ISSO É A SUA MODERNIDADE.
2	imbecil é uma mulher que vem aqui com nome de haroldo e quer debater alguma coisa.
2	primeiro voce vira homem, todo mundo aqui sabe que voce é uma moçinha ,depois aprenda que nem tudo pode ser do jeito que ver quer,
2	e ai moçinha resolveu virar homem,,acorda pra vida o lunático ou ainda ta achando que todos animais do plante vão ser libertados
2	ISSO MESMO VOCE NAO VAI ESTAR MAIS AQUI NOS ENCONTRAREMOS NO INFERNO SUA FRUTINHA
2	" O burro retardado, apesar que si faz de burro.. com a mesma conta não, Mas com os vários ""fakes "" que vocês tem, porque aqui os únicos que são desocupados para criar perfis fakes são vocês que fica tomando conta da vida alheia!"
2	Ana e dessas pessoas que o jardineiro pede água e ela vem com um copo de massa de tomate pra dar água pra ele de nojo do pobre, depois quer falar mera.
2	Ninguém fala nada da exploração, que é os cavalos da polícia é bomba de gás, pedrada, Paulada etc... E aí? Gato comeu a língua de vcs?
2	mai arco iris ,falando o que não sabe
2	SE VOCE NAO COME CARNE É PROBLEMA SEU,,MUITAS MATAS TAMBEM FORAM DERRUBADAS PARA PLANTAR A SOJA QUE VOCE COME..TAMBEM NAO VAMOS NA SUA CASA TE FALAR O QUE VOCE TEM QUE COMER.NOSSO PAIS É O TERCEIRO MAIOR PRODUTOR DE CARNE DO MUNDO E COMEMOS MUITA CARNE,,PELO SEU ARCO IRIS VOCE TAMBEM GOSTA DE COISAS QUE NÃO SAO NORMAIS,ENTAO CUIDA DE SUA VIDA,CADA UM VIVE DO JEITO QUE QUER.
2	"Pessoal do ""NÃO "" aqui, são todos ignorantes, sem conhecimentos falando asneiras! "
1	O rodeio e uma festa cultural que movimenta pessoas com boa índole , que trás saúde aos mais pobres e aos que necessita. O maior exemplo é o Hospital de Câncer de Barretos que não cobra um centavos de quem dele se benefícia. Os animais usados tem tratamento com ótimos vetirinarios.E está. Nascendo um novo Hospital na cidade Campinas.
1	VA VOCE EVOLUIR E APRENDER UM POUQUINHO SOBRE ESSES EVENTOS,ANTES DE FALAR COISAS SEM SABER.
2	onde voce um touro ou um cavalo de rodeio sofrer sua ignorante por acaso ja foi ver de perto se nao foi ,vá antes de falar coisas sem saber,
2	TEM QUE PROIBIR UM BOSTA COMO VOCE DE VIR ATE UM SITE DESSE FALAR COISAS QUE NÃO SABE.. QUEM TE FALOU E ONDE VOCE VIU UM ANIMAL COM O SACO APERTADO SEU IGNORANTE,,CONHEÇA ANTES DE FALAR SEU BOSTA.NAO FALE COISAS SEM SABER NAO SEJA VOCE O ANIMAL.
2	merda é um bosta como voce que fala coisas sem saber deve ser um babaca criado com avó,,onde o senhor viu um animal com saco apertado seu retardado,,conheça antes de falar e se passar por ridiculo,,nenhum animal tem seu saco apertado seu otario,o unico deve o seu saco apertado aqui aqui é voce ou seu pai,,conheça antes de falar tanta bosta.
2	tem que proibir um tonto como voce ,ignorante e imbecil de falar uma tonteira dessa onde e quando voce viu um animal com o saco apertado,,nos mostre ou fale o nome do proprietario,,nao fale coisas sem saber seu idiooota
2	FILHOS DA PUTA DEVEM SER ESSAS PESSOAS MAUS INFORMADAS COMO VOCE QUE FALA COISAS SEM SABER,,VOCE JA FOI CONHECER DE PERTO COMO VIVEM COMO SAO TRATADOS ESSES ANIMAIS.SABIA TAMBEM QUE É PARA UM MATADOURO QUE VAO OS ANIMAIS QUE NAO SAO SELECIONADOS PARA O RODEIO.APRENDA ANTES DE CHAMAR ALGUEM DE FILHA DA PUTA,NAO COMEMOS COM SEU DINHEIRO E NEM TE DEVEMOS SATISFAÇÃO VAI PROCURAR SUA TURMA SUA IDIOTA.
2	gentalha deve ser quem te colocou no mundo e nao te deu educação se nao gosta respeite quem gosta nao vamos na sua casa te falar do que voce tem que gostar sua mimadinha cuida da sua vida e que deus te de em dobro o que nos desejares,,e filha da puta deve ser voce,sua sem educação ,mal criada.vai procurar sua turma.
2	VAGABUNDA DEVE SER VOCE ONDE VOCE VIU UM ANIMAL COM TESTICULOS APERTADOS SUA IGNORANTE RETARDADA,,TODO EVENTO É OBRIGATORIO TER UM MEDICO VETERINARIO RESPONSAVEL PELO BEM ESTAR DOS ANIMAIS E NUNCA NENHUM ANIMAL TEVE SEUS TESTICULOS APERTADOS,,ANIMAIS CASTRADOS E EGUAS NEM TEM TESTICULOS SUA OTARIA,, VAI CUIDAR VDA SUA VIDA QUER SE PASSAR POR ESPERTA E NEM SABE O QUE ESTA FALANDO NINGUEM AQUI COME COM SEU DINHEIRO E NEM TE DEVEMOS NADA APRENDA ANTES DE FALAR.
2	voce que se fazer de inteligente e acha que animais tem seu esmagados sua ignorante por acaso voce viu um animal com seu saco apertado sua babaca,,que animal pularia com seu saco apertado,,ele deitaria,aprensa sua mimadinha sem educação imbecil e otaria.
2	QUAL RIQUISSIMA CULTURA VOCE TEM,, EM UM PAIS QUE SE MATA POR 10 REAIS OU QUE MATA PESSOAS NA PORTA DE IGREJAS QUE TE ROUBAM UM CELULAR E TE DAO UM TIRO NO PEITO,,ESSE É O PAIS QUE EU VIVO AGORA NAO SEI O SEU QUE É RIQUISSIMO EM CULTURA.
2	Só um covarde e tonto como esse Josimar Ferreira para falar que animais de rodeio tem seu testiculo apertado,,o unico que deveria ter seu testiculo apertado aqui é voce..conheça antes de falar seu idiota
2	POR CONTA DE PESSOAS IDIOTAS COMO SENHOR JOSIMAR FERREIRA QUE O NOSSO ESPORTE FICA MAL VISTO,,ONDE E QUANDO E QUAL ANIMAL ELE VIU COM O TESTICULO APERTADO...PESSOAS QUE FALAM COISAS SEM SABER,,SÓ MESMO SENDO UM IMBECIL PARA FALAR COISAS QUE NUNCA VIU.
2	Pessoas idiotas imbecis que querem falar em cultura,vem aqui e falam que animais de rodeio tem seus testiculos amarrados,,falta de cultura tambem é falar coisas sem saber.pessoas como esse idiota do josimar ferreira,,onde quando e qual animal com testiculos amarrados ele viu,,conheça antes de falar seu idiota.
2	olha o tamanho de sua ignorancia,,qo unico testiculos deve estar amarrado por aqui é seu seu imbecil,,onde e quando vc viu algum animal de testiculos amarrados nao fale coisa sem saber seu babaca,,saber antes de falar tamvem é cultura seu imbecil
2	IDIOTA,,OTÁRIO,IMBECIL ONE VOCE VIU ALGUM ANIMAL COM O SACO AMARRADO,,CONHEÇA ANTES DE FALAR ,,NÃO SEJA VOCE O ANIMAL.
2	QUAL ANIMAL VOCE VIU COM TESTICULOS AMARRADOS SEU BABACA,,ANIMAIS CASTRADOS E EGUAS NEM TEM TESTICULOS,,APRENDA ANTES DE FALAR TANTA BOSTA.
2	se for para marrar os seus,,animais de rodeio não tem seus testiculos amarrados,,conheça antes de falar seu babaca.
2	CULTURA TAMBEM É FALAR COISAS COM CONHECIMENTO DE CAUSA,,ME DIGA O NOME DO EVENTO E O NOME DO ANIMAL QUE VOCE VIU SER AGREDIDO..FALAR COISAS SEM SABER TAMBÉM É FALTA DE CULTURA..
2	Nestor Albuquerque, 51 anos, sexo femenino pqp., raça do capeta não prestam nem prá fazer fake. Ridículo.
2	Como voce pode ser tão lunatico e burro e ignorante,,animais que não vao para o rodeio vao para o abate, a unica chance que um animal desse tem de chegar a idade adulta é sendo de rodeio,,conheça como vivem e como são tratados,,se vc nao come carne existem 210 milhoes de cabeça de gado esperando para serem abatidas e não é voce que vai protege las..viva a realidade ,viva nesse mundo,nao nesse mundo de ilusao que voce imagina,,,cresça voce ja tem até barba,,, vire hominho...
2	Rapaz que voce é frutinha nos sabemos,,mas não queira ter os mesmos gostos que vc,,cada um faz o que quer,,não quera que todo mundo seja como vc..seja feliz do seu jeito,, e deixa a gente do nosso
2	 Alma fake penada, a sra. faltou nas aulas de geografia  isto tudo aí que a sra. citou, ocorrem nas touradas da Espanha.
2	Buenas, gaudério  guapo das querências. Barbaridade! tú tem toda razão, taura. Raça de hipócritas esta gente do Não  merecem chilena no suvaco  e rebenque no lombo, tchê.
2	"Traidor chimango. Não é digno de pisar no chão sagrado do Rio Grande  berço do rodeio crioulo  que foi desbravado por tropeiros e peões, em lombo de animais  assim como o restante do Brasil. Pela fotinha do perfil, dá pra notar que é um ""Zé Tramposo"" mimadinho da capital  renegando suas raízes. Não serás um gaúcho verdadeiro, jamais. "
2	Alma fake penada, a sra. faltou nas aulas de geográfia  isto tudo aí que a sra. citou, ocorrem nas touradas da Espanha.
2	Kkkkkkkk vocês não coloca sua vida pessoal, Mas quer intrometer na dos outros!? Afinal bois de rodeios ou de abates são todos particulares!! Você é apenas uma hipocritazinha que não tem onde cair morta, vai procurar sua vaga nos asilo ai, porque é pra lá que você vai daqui uns dias!
2	vc se denomina Ana dos Animais,mas nao cuida de nenhum
2	De boa vontade o inferno ta cheio,,nos mostre os animais que vc cuida,,irei visitar com o maior prazer e adotarei algum,vc fala muiiito.
2	o problema é seu eu não sou vegano como animais,,não como com seu dinheiro crio meus proprios animais ,,não trato deles com seu dinheiro,,para mim vc pode comer ate capim,,o problema é seu,,se quiser vir ate minha casa tenho uma propriedade em amparo sp,, perto da entrada da cidade,, venha aqui que ensino a comer carne,,
2	Só porque é vegano vc quer que todo mundo seja,,, cada um come o quer,,ja imaginou se formos na sua casa de obrigar a comer carne.
2	Entao infelizmente voce está no pais errado,,nosso rebanho é de 210 milhoes de cabeça de gado,,14 milhoes de ovinos,,35,2 milhoes de suinos,,14,2 milhoes de cabrinos e todos esses rebanhos são destinados para o abate..
2	vai procurar sua turma seu frutinha,,se quiser me conhecer de perto minha propriedade fica em amparo logo na entrada da cidade e só vc chegar e perguntar pelo paulao calanchue tem uma placa enorme na entrada e se quiser fazer um estagio e aprender virar homem pode passar uma temporada aqui.
2	vira seu babaca
2	Esta parte do fudido  é a tua praia milady.
2	Esta sua posição na fotinha do perfil...! este sorrizinho pervertidinho...! esta carinha de dor e prazer. Sacomita, você estava sendo empaletado neste momento  certeza!
2	Só decepção com esses defensores de animais, tantos cães para adotar e maioria prefere pagar caro em um cachorro de raça. Vejo direto alguns, saírem de manhã com seu cãozinho. Na mão direita a corrente com o cão, e na esquerda um cabo de vassoura, pra dar no cãozinho de rua que vem, brincar com eles, vou começar a filmar e lançar na net.Outro dia precisei de um defensor, xiiii, de frente meu trabalho colocaram fogo no pasto, tinha uma égua presa lá, eu não tinha corda, soltar seria errado, liguei no bombeiro, xiiii, polícia, me mandou ligar na polícia ambiental, tive que tirar minha cinta e tirei o animal de lá, só que ele voltou pra lá e passa fome e sede, procurei zôo nozes, xiiii, eles não pode por a mão, aí pensei, vou procurar a turma do NÃO eles vai vim, com aquele policial que matou um cavalo em uma rodovia e pronto manda matar que cada o sofrimento do cavalo, é isso que querem com os touros mesmo!
2	vc ja viu algum animal de rodeio de perto,,como vc afirma que passam por medo,angustia,,vc ja foi a um matadouro e ja viu a rea ao deles quando sentem cheiro de sangue e nem por isso deixam de morrer.
2	eu quero visitar a sua,,visitei uma em ouro fino mg e me desepcionei,um monte de cachorros fechados em canis pequenos e desconfortaveis,,para mim aquilo [e uma prisao perpetua,, quero ver os seus animais porque vc acha que todos os animais de rodeio sao maus tratados entao nao custa nada voce mostrar como cuida dos seus,
2	"Absurdo é saber que um touro que tem de 10 a 15 anos para viver e pessoas preferir que eles morra, só porque não gostam de tal esporte o ""NÃO"" é como se tive pedindo para matar os touro. O eu acho, não é certeza, certeza tem quem estudou animais de grande porte, a maioria é a nosso favor. "
2	vergonha é um tonto como vc falar coisas sem saber,,quer conhecer o dia dia dos animais posso te mostrar quando e a hora que vc quiser.. com as despesas pagas.
2	O que isso tem haver com o tema discutido??? Ou você é burra que não sabe diferenciar touradas dos rodeios???
2	e o que é cultura para voce.. O pancadão com adolecentes fazendo sexo na rua,,, vai procurar ajudar quem realmente precisa,,existem milhares de pessoas passando fome na vida,,na africa tem crianças comendo barro com agua,,os animais de rodeio ja tem cuida deles.
2	estamos no seculo XXI e pessoas estao sendo mortas por conta de um celular,outras por conta de um par de tenis,,, pessoas morrendo na porta da igreja,,esse é o seculo XXI que vc está falando.
2	e o que modernidade para vc ,,o que é seculo XXI para vc,pessoas de roubarem no meio da rua,menores matarem e roubarem e serem presos no maximo até 21 anos de idade,,essa é sua modernidade,,olha o pais que vc mora,, e ainda quer falar de seculo XXI. vai procurar o que fazer,,acordaaaa pessoas aqui matam por um celular e vc vem falar de modernidade,tenha dóooooooooo
2	Fala coisas muito sem noção, é impressionante, só si for você para matar touros avaliados em 300, 500 mil, só uma pessoa como você para fazer isso!
2	Enquanto existir pessoas sem conhecimentos como você não teremos progresso!!
2	Me diga o que cavalgada tem haver com rodeio??? Você é só mais uma mimadinha que não sabe nada!!
2	E si quiser montar na sua mãe, tem como amarrar as bolas dela também? Ou si castrar seu pai e quiser montar nele, como vou fazer para amarrar as bolas dele?
2	Ficar calado às vezes é melhor que falar abobrinhas e si mostrar um total desinformado!!
2	como carne todos os dias e vou continuar comendo,,não compro com seu dinheiro
