501;1;	parabéns Capitão,, moro em amparo e meus animis estão disposição de quem quiser conhecer,, e gostaria muito também de conhecer os animais da senhora Ana dos Animais
502;2;	assasinato é manda-los para o frigorifico
503;2;	Ninguem é obrigado a ir nas festas do peão,se não gosta,nao vá,,nao vamos na casa de ninguem falar o que voces devem fazer ou não.. cada um tem a cultura que quer
504;2;	massacre é se eles não fossem para o rodeio e sim para o frigorifico,,ou vc acha que se não fossem para o rodeio iriam para o quintal da sua casa.
505;1;	vai procurar sua turma,que lá voce sera mais feliz
506;2;	Vice presidente da ong de guararapes e de araçatuba que cuida de animais carentes foi multado por maus tratos,,gente boa e gente ruim tem em todo lugar..
507;1;	Obrigado Capitão Augusto pela dedicação ao povo sertanejo..
508;1;	o povo sertanejo, agradece !!!!! Parabens Capitao Augusto
509;1;	Viva o Rodeio e seus animais cada vez mais cuidados e bem tratados!!
510;1;	Mais uma vitoria do povo sertanejo.
511;2;	Escroto deve ser pai ou sua mae que não te deu educação para respeitar os gostos alheios,quem te disse que o que voce gosta é certo ?? Por acaso alguém da palpite na sua vida..
512;2;	ESCROTO DEVE SER VOCE
513;1;	Parabéns capitao,projeto aprovado na camara dos deputados.
514;1;	Parabéns Capitão Augusto
515;1;	Aprovado o projeto de lei nº 1767/2015 na camara do deputados Valeuuuuu Capitão Augusto
516;1;	Parabéns Capitão,excelente vitoria na câmara dos deputados quem assistiu viu que foram espetaculares seus argumentos .
517;1;	Parabéns povo sertanejo,aprovado na camara dos deputados o projeto de lei..
518;2;	indefesos estão os humanos nesse país onde se morre uma pessoa a cada dez minutos.
519;2;	o problema é seu do que voce gosta ou deixa de gostar,vai procurar sua turma
520;1;	GRAÇAS AOS BEM INFORMADOS O PROJETO FOI APROVADO NA CÂMARA DOS DEPUTADOS COM A MAIORIA DOS VOTOS..PARABÉNS CAPITAO AUGUSTO
521;1;	Sabias palavras no debate capitão,,parabéns pela vitoria na camara.
522;1;	Parabéns pela vitória Capitão Augusto,, quem conhece sabe como são tratados esses animais
523;1;	Parabéns Capitao.
524;2;	só um imbecil como voce pra achar que esses animais são maltratados
525;2;	que pais moderno é esse que voce está morando,onde uma pessoa é assassinada a cada dez minuto,,prefiro o brasil rural antigo.
526;1;	muito bom seu depoimento na camara dos deputados capitão,, valeu pela vitória
527;1;	PARABÉNS CAPITÃO AUGUSTO,JAMAIS ESQUECEREMOS SEU NOME
528;1;	Parabéns Capitão Augusto
529;1;	Parabéns pela vitoria na camara capitao augusto,, estaremos sempre do seu lado
530;1;	Parabéns pelo empenho Capitão,o poco sertanejo está do seu lado
531;1;	Aprovado o projeto na camara dos deputados,,parabens capitao augusto,quem conhece sabe que os animais de rodeio são mais bem tratados que muitos humanos nesse pais
532;1;	PARABÉNS CAPITAO,APROVADO NA CÂMARA DOS DEPUTADOS O PROJETO DE LEI,, MUITO SÁBIAS SUAS PALAVRAS.
533;1;	Parabéns Capitao Augusto,aprovado o projeto de lei na camara dos deputados.O povo sertanejo esta do seu lado
534;1;	Rodeio legal não maltrata animal !!
535;2;	UMA PESSOA É ASSASSINADA A CADA DEZ MINUTOS NO BRASIL E AS PESSOAS VEM AQUI QUEREREM ACHAR MAUS TRATOS NOS RODEIOS,NÃO SÃO OS ANIMAIS DE RODEIOS QUE ESTÃO PRECISANDO DE AJUDA ELES JA LEVAM VIDA MELHOR QUE MUITOS HUMANOS NESSE PAÍS
536;2;	Milhares de pessoas sem agua e roupa em minas e não vemos nenhum ativista ajudar,,ficam ai criticando os rodeios,com certeza não são os animais de rodeio que estão precisando de ajuda nesse país, eles ja são muito bem cuidados.
537;2;	Vai procurar o que fazer senhora ana dos animais,deixem os rodeios em paz,vá ajudar quem realmente precisa, pare de se querer promover as custas dos animais
538;1;	Valeu Capitão,mais uma vitoria na camara dos deputados..Parabéns
539;2;	Em um país que o respeito ao ser humano está se acabando, assaltos a bancos a luz do dia e pessoas sendo usadas como escudos humanos,,pessoas matando a namorada e cortando em pedaços,outras matando o proprio filho ,outras matando por um celular,,as pessoas vem aqui querer achar maus tratos nos rodeios,,não são os animais de rodeio que estão precisando de proteção,,quem não conhece deveria conhecer de perto,animais com auto valor de mercado,tratados como atletas,quem maltrataria animais tão caros,,conheçam antes de criticar.
540;1;	LINDAS PALAVRAS NO DEBATE CAPITÃO AUGUSTO PARABÉNS POR MAIS UMA VITORIA,FALTA POUCO !!
541;1;	Parabéns capitao pelo debate,lindas palavras o senhor disse e provou que entende muito do assunto,Parabéns por mais uma vitoria
542;2;	POR ACASO COMEMOS CARNE COM SEU DINHEIRO,, COMEMOS O QUE QUEREMOS DA MESMA FORMA QUE VOCE COME O QUE QUER,CADA UM COME O QUE BEM ENTENDER E NÃO É DA SUA CONTA.
543;1;	Parabens aos organizadores do Serra Negra Rodeio Festival 2015,mais um evento sertanejo ajudando vidas nesse país.parte da bilheteria revertida para o hospital da cidade.
544;1;	Parabéns Capitão por mais uma conquista.
545;1;	Parabéns capitao,mais uma vitoria no congresso
546;2;	Vai cuida da sua vida veia sem vergOnha , não devemos nada a você. Cuide dó seu nariz . Quem é vocêe pra nos dizer o devemos ou não fazer ? Vai joga bingo sra. Vai curti o resto da vida que ainda lhe resta
547;2;	O mané, repondendo assim você parece uma menininha . Pra começar montalos não lhes causa nenhuma dor ou incomodo esses animais conseguem suportar até 25% do seu peso eu peso 75 kilos e consigo me locomover caregamdo 20 kilos tranqüilo . A média de um animal desses é de 890 kilos . Não misture as coisas colega . Pra você é fácil vir aqui e falar abobrinha. Vai conhecer primeiro depoisv venha aqui comentar. Acho que era você que deveria ser montado seu asno. Venha ver como vive homens de verdade aqui na fazenda
548;1;	PARABÉNS A TODOS OS IDEALIZADORES DA FESTA DO PEAO DE SERRA NEGRA QUE TEVE PARTE DA RENDA REVERTIDA PARA O HOSPITAL
549;1;	Valeu capitao,conte com nosso apoio sempre.
550;2;	vai voce e seu pai lavar banheiro
551;2;	quem é voce seu bacaba,,vai voce e sua familia lavar banheiro,nao vamos no rodeio com seu dinheiro.
552;2;	Em pais que uma pessoa é assassinada a cada 10 minutos vem voce querer proibir a gente de montar em boi !!!! vai voce lavar banheiro e procurar o que fazer,,montamos e vamos continuar montano nos rodeios ou nas fazendas e não é voce que vai dizer se vamos ou nao fazer,,vá atrás de coisas mais importantes se voce se preocupa tanto com seu país.
553;2;	Já temos nossas fazenda pra tomar conta meu filho . Não se preocupe que serviço pra nos não falta seu vagabundo . Cuide da sua vida alienado da cidade.
554;2;	me diga um nome de um ex veterinario ou ex competidor que é contra, vai procurar sua turma ,,montamos nos animais,,comemos animais e isso nao é da sua conta,nao fazemos com seu dinheiro
555;2;	Alguém qe usa uma foto da Lizzy dos Simpson não merece repeito . Se qer deixar sua crítica blza mais uma crítica é formada por diálogo por argumentos minha filha e acima de tudu um rosto. Pare de jogar merda no ventilador e mostre as estatísticas o documento que prove qe esses animais são torturados. Você o possui? E nomes como vce disse acima qe existe veterinários que são contra as práticas . ? E msm se tiver ninguém é obrigado a gostar Lizz . assim como você. Temos outra criação , costumes e crenças . SE NÃO FOR PEDIR MUITO heueheu crie um perfil vinculado com seu facebook :@
556;1;	Obrigado pela visita em nosso rodeio capitão,,mais um rodeio com renda destinada a quem precisa.. animais que seriam devorados,,estão vivos e fazendo o bem para quem precisa.
557;2;	Em um pais que morre uma pessoa assassinada a cada 10 minutos talvez seja melhor ser um animal de rodeio. em um país que se morre por um aparelho de celular,acredito que seja melhor ser um touro de rodeio.
558;2;	Por aqui comemos animais,,porque não montá-los
559;2;	aqui comemos animais e alguns bem mal passado ainda soltando sangue,,porque não monta-los.
560;2;	Não só montamos como tambem comemos em churrasco ou ensopados ou na panela de pressão,,não como com seu dinheiro e nem vou na sua casa te falar o que voce deve gostar ou comer.
561;1;	Parabéns Capitão Augusto,segundo o portal G1 da Globo o rodeio é o maior patrocinador do Hospital do cancer de barretos,cultura sertaneja ajudando quem realmente precisa.
562;1;	Parabéns aos organizadores da Festa do Peão de Serra negra,parte da arrecadação foi doada para o Hospital da cidade,enquanto alguns criticam, o rodeio segue ajudando vidas.
563;2;	o Ariesley toma algum medicamento estragado,onde sera que ele viu algum animal com seu testiculos esmagados,,imagina se um animal tivesse seu testiculos esmagados toda vez que pulasse quantos testiculos ele teria que ter,e as eguas sera tem que amarrar o que nelas,,Não seja ridiculo Ariesley aprenda antes de falar.
564;2;	Seu babaca 7 milhoes de pessoas passam fome nese pais e voce vem falar em maus tratos com os animais de rodeio,conheça antes de falar seu idiota,,esses animais são mais bem tratados do que muito humanos nesse pais. Onde é que voce viu um animal desse de perto ????
565;2;	Nos mostre onde voce viu um animal com seu saco apertado seu imbecil,,não seja voce o animal não fale coisas sem saber,,por isso eu depoimento não serve pra nada porque voce fala mentiras Mentirosoooo.
566;2;	palhaçada é o o vice presidente da ong de guararapes e de araçatuba ser multado por maus tratos , isso sim é uma palhaçada,,pessoas se dizerem protetores de animais e serem multados por maus tratos.
567;1;	Parabéns Serra negra,mais um evento com parte da renda revertida para o hospital,,evento lindo,,cultura sertaneja ajudando o povo brasileiro.
568;2;	Queremos a desfiar esse mentiroso do senhor Ariesley Nogueira a nos falar e provar onde viu m animal com seus testiculos amarrados,, mentiroso e fala coisas sem saber.
569;1;	Parabéns a todos organizadores da Festa do peão de serra negra,mais um evento com parte da renda revestida para o hospital.. Rodeio ajudando vidas
570;2;	Seu idiota imbecil e mentiroso nenhum animal tem seus saco esmagados se estivesse como serviria pra reprodutor as esporas são lisas como moedas seu otario é mentirso sim,,nos diga onde viu um animal com seu saco amarrados.. fala o nome da cidade que v viu.. Mentiroso
571;2;	O QUE FAZ UM ANIMAL PULAR É SUA INDOLE SEU BABACA,OU VC ACHA QUE QUALQUER ANIMAL PULA,,SE TODOS ANIMAIS PULASSEM OS QUE PULAM NÃO CUSTARIAM TAO CAROS,APRENDA SEU IMBECIL SAI DE TRAZ DA SAI DA SUA MAE E CONHEÇA DE PERTO.
572;1;	eu ja tive a oportuinidade de conhecer de perto e amei o que vi, animais saudaveis e bem mais tratados do que muitos humanos nesse pais
573;2;	Esses ativista idiotas vem querer proteger os animais falando inverdades nenhum animal de rodeio tem seus testiculos apertados,tambem amamos os animais talvez bem mais de quem fica por traz de computadores falando mentiras.
574;2;	em um pais que as pessoas nao podem nem sair de casa com um celular ou uma correntinha de ouro que são mortas no meio da rua,vem voces querendo proibrir o rodeio,com certeza não sao os animais de rodeio que estao precisando de proteção
575;2;	Esse ativista mentiroso chamado Arisley vem aqui falar que foi no rodeio e viu um animal com seus testiculos amarrados desafio a a ele a falar o nome do touro e do proprietario que fez isso,,mentiros isso não existe mesmo porque se amarrar o testiculo de um animal ele deita e nao pula.. mentiroso
576;2;	OLHA COMO VOCE É IMBECIL E MENTIROSO SE TIVESSE IDO NO RODEIO JAMAIS FALARIA QUE OS ANIMAIS TEM SEUS ORGAOS GENITAIS APERTADOS SEU MENTIROSO ISSO NÃO ACONTECE NO RODEIO,PRIMEIRO QUE AS EGUAS E OS ANIMAIS CASTRADOS NAO TEM TESTICULOS E JA EXISTE UMA LEI DESDE 2002 QUE PROTEGE ELES DE MAUS TRATOS E SE VOCE ESTIVESSE VISTO MAUS TRATOS PODERIA TER DENUNCIADO O VETERINARIO RESPONSAVEL OU O DONO DO ANIMAL,NAO FALE COISAS SEM SABER.
577;1;	G1 DA GLOBO.. RODEIO É O MAIOR PATROCINADOR DO HOSPITAL DO CANCER DE BARRETOS. RODEIO AJUDANDO VIDAS
578;2;	Milhares de humanos passando fome nesse pais,muitos ainda trabalhando em trabalho escravo,milhares tomando agua de açude ,milhares sem saneamento básico,e pessoas vem falar que os animais de rodeio são maltratados.
579;2;	Que evolução humana ?? moramos em um pais que 19 celulares são roubados por hora em são paulo.que 15 crianças são vitimas de violencia a cada hora, que o crime mata 143 pessoas por dia,, que politicos roubam milhoes e ficam detidos dentro de suas proprias casas,que pessoas não pode mais tomar bano de mar que são assaltadas, que evolução o Ariesley ve nesse pais, e ainda vem falar em sofrimento animal,onde e quando sera que voce viu um animal de rodeio de perto,,se tivesse visto com certeza jamais falaria isso.
580;1;	Valeu Capitao Augusto pela visita em nosso rodeio,parabéns pela iniciativa,,espero que tenha gostado de como estavam sendo tratados os animais.
581;1;	Animais de rodeio sao tratados como astros,ninguem maltrata um astro,conheçam antes de criticar
582;2;	Oh, sua ridicula onde voce conheceu um touro de rodeio de perto ??
583;2;	Onde voce viu um touro de rodeio de perto ??????? se tivesse visto não faria esses comentários idiotas que voce fez,falar coisas sem saber também é ignorãncia,muitos animais ganham até sepultura se voce não sabe,,tira esse toca ridicula que ela deve estar atrapalhando seu cérebro .
584;1;	Muito obrigado Capitao Augusto pela visita em nosso Rodeio,,seu nome sempre sera lembrado com muito carinho pelo vo sertanejo
585;2;	Mai uma pessoa morta por um aparelho celular no brasil e pessoas ficam discutindo sobre rodeio,,com certeza não sao os animais de rodeio que estão precisando de proteção eles ja são muito mais bem tratados do que muitos humanos por aqui
586;2;	Pessoas aqui falam pra proibir o rodeio porque é atraso da humanidade e o que é evolução ? essa semana foi colocado fogo em policial ainda vivo no rio de janeiro,isso seria a evolução da humanidade ?
587;2;	vai te catar florsinha,faz alguma na vida e para de encher o saco dos outros
588;2;	seu babca cad um come o que quiser e em sua homenagem vou matar um carneio só pra fazer um churrasco
589;2;	ja te dei meu endereço seu bosta é só me falar quando e a hora que quiser voce ode vir no meu sitio ja te passei até meu apelido sai de baixa da sai da sua mae e vem pra cá.
590;2;	voce é um frutinha criado com avó rapas vem aqui no meu sitio que te ensino alguma a coisa do campo
591;2;	o seu bosta vou te falar pela ultima vez moro em amparo e meu sitio é bem na entrada da cidade meu apelido é paulao calanchue todo mundo me conhece por aqui seu merda quando quiser conversar olho no olho de perto é so chegar aqui.. não sou que me escondo de baixo da sai da minha mae.
592;2;	esse luis paulo alem de não gostar de festa do peão,tambem quer obrigar a gente comer o que ele come,cada um come o gosta ou o que bem entender,nao comemos com o dinheiro dele,como carne e vou continuar comendo ate quando eu desejar.
593;2;	Eu estava esperando voce voltar seu frutinha,,ja te falei onde moo e meu endereço,,resolveu virar homem,,quer que vou te buscar para passar uns dias em casa.
594;2;	cada um come o quer seu idiota
595;2;	Como carne todos os dias e vou continuar comendo não compro com seu dinheiro seu otario
596;2;	venha viver como homens de verdade seu comedor de plantas venha para minha propriedade que mato um carneiro pra gente fazer um bom churrasco.
597;2;	Como quanta carne eu quiser crio e abato meus proprios animais ,não é da sua conta noa vivo com seu dinheiro.
598;2;	Como boi,carneiro,galinha,porcos,peixes,javalis,patos e etc. e o que voce tem com isso se voce quiser comer samanbáia , flor do campos ou silo o problema é seu cada um come o que gosta,tem gente que come inseto,cachoorro,escorpiao
599;1;	Valeu Capitão Augusto pelas visitas nos rodeios,espero que esteja gostando das recepçoes
600;2;	cada um come o quer seu babaca,,nao vamos na sua casa te falar o que voce tem comer.
601;1;	Parabéns a todos os organizadores do 24º Socorro Rodeio Festival 2015,toda a renda da bilheteria revertida para a santa casa de socorro, enquanto muitos criticam o rodeio ajuda.
602;1;	parabéns aos organizadores da festa do peao de barretos 2015,mais de 15 milhoes arrecadados para o hospital do cancer.
603;1;	G1 da globo ! rodeio é o maior patrocinador do hospital do cancer de barretos
604;1;	 Valeu Capitao estamos te esperando na Expo Artur 2015
605;1;	Parabéns capitao,cultura cada um tem a quer ou a que foi criado
606;1;	Rede globo acaba de informar,,rodeio maior patrocinador do hospital do cancer Rodeio ajudando vidas.Conheçam antes de criticar
607;2;	Absurdo é voce morar em um pais que estão matando por uma bicicleta ou um celular,absurdo é as pesoas não poderem nem ir na praia que sofrem arrastões,isso é absurdo.
608;1;	Animais de rodeio são mais bem tratados que muitos humanos nesse país
609;1;	OBRIGADO PELA VISITA CAPITÃO,ESPERO QUE TENHA GOSTADO DA RECEPÇÃO.
610;2;	Anencefalo primitiva deve ser voce,,o que voce conhece da vida desses animais ?? fica ai falando coisas sem saber,,em um pais que se rouba 1200 carros por dia,um pais que mais 7,2 milhoes de pessoas passam fome,vove vem aqui se preocupar com os rodeios,nos deixe em paz,,cultura cada um tem a quer quem te falou que a sua cultura é cultura pra nos,,cuide da sua vida ,não vamos na sua casa te falar do que voce tem que gostar.
611;1;	vamos evoluir e aprenda como vivem animais de rodeio,sao mais bem tratados do que muitos humnos no brasil
612;1;	O rodeio ja faz sua parte ,mais 15 milhoes a festa de barretos doou para o hospital do cancer,em socorro sp toda a renda da bilheteria foi revertida para a santa casa de socorro e voce faz o que ??
613;2;	IGNORANTE É VOCE ,,QUAL INSTRUMENTO QUE MACHUCA O ANIMAL VOCE VIU,AORENDA ANTES DE FALAR E PASSAR POR RIDICULO
614;2;	O SUA IGNORANTE ONDE VOCE VIU ALGUM ANIMAL DE TESTICULOS AMARRADOS,NAO FALE COISAS SEM SABER
615;2;	Com essa carinha de tonta sua da se ver que não sai de casa..onde voce viu um animal com o saco apertado,,se voce fizer isso em um animal ele deitaria e quem aguentaria passar anos com seu saco apertado e terminar a vida como reprodutor ainda..Vá conhecer antes da falar besteiras
616;1;	quem conhece se surpreende,animais tratados com muito carinho,conheçam antes de criticar.
617;2;	E o que cultura para voce morar em um estado que matam pessoas por um celular,ou pessoas inteligentes que roubam milhoes da petrobras,onde é que voce mora que tem tanta cultura como voce menciona,no meu pais não tem isso,o que tem bandidos armados ate os dentes matando policias todos os dias,matando pessoas porque entraram em uma errada e etc...
618;2;	Esse é nosso pais,, quando passa um policial matando um bandido fica passando um mes na televisão,quando um bandido mata um policial sai uma nota e nada mais,,realmente somos um pais sem cultura.vai procurar o que fazer girafa louca.
619;2;	Seu imbecil se voce não gosta voce deveria pelo menos respeitar quem gosta seu otario, ninguém fica questionando o que voce gosta de fazer,, se acha as pessoas que gostam imbecis fique longe delas,,porque fica nesse site mandando mais 500 mensagens para pessoas que voce acha imbecis,talvez o maior imbecil daqui seja voce.
620;2;	Ôô jumentinha, pesquisa so um pouquinho pra vim aqui escrever alguma coisa
621;1;	Rodeio é 100% bons tratos aos animais,conheçam antes de criticar
622;1;	Parabéns Capitao pela primeira vitória,quem conhece sabe o porque .
623;2;	onde voce viu um animal de rodeio de perto,nojo da de pessoas como voce que fala coisas sem saber
624;2;	REALMENTE NOJO DÁ DE UMA PESSOA QUE FALA UMA COISA QUE NUNCA VIU
625;2;	Nojo da de uma pessoa que fala coisas sem saber,,onde e quando voce viu um animal de rodeio de perto ???
626;2;	vagabundagem deve ser a sua que fica o dia inteiro nesse site
627;1;	28.000 metade do publico de uma noite mais ou menos em barretos, parabéns!
628;1;	Obrigado Capitao Augusto espero que tenha gostado da recepção no rodeio de timburi.
629;1;	PARABÉNS CAPITÃO AUGUSTO PELA PRIMEIRA VITÓRIA,COM CERTEZA AS PESSOAS QUE SÃO CONTRAS NÃO FIZERAM O MESMO ESTUDO QUE O SENHOR,TANTO QUE TEM MUITAS DELAS QUE AINDA ACHAM QUE OS ANIMAIS DE RODEIO TEM SEUS TESTICULOS APERTADOS.
630;2;	Em um pais que pode tudo porque querem proibir a gente de montar em touros,estão até pensando em liberar as drogas,agora vão querer proibir a gente de montar em touros,menor de 18 anos pode matar,roubar e estuprar que fica no maximo até 21 anos na cadeia,homem pode casar com homem,mulher com mulher,politicos roubam e ficam detidos em suas mansões,aqui pode tudo,
631;1;	valeu Capitao,espero que tenha gostado da recepção que teve em nosso rodeio o povo sertanejo de abraça com carinho
632;2;	Tô de olho nessas pessoas que é contra o rodeio, Mas é à favor da legalização de drogas, montar um animal é maus tratos para esses babacas, agora financiar e sustentar o crime, matando pessoas inocentes não tem problema nenhum né bando de hipócritas, só digo uma coisa principalmente para esses usuários do votenaweb, vocês são responsáveis pelas vidas ceifadas através do tráfico!!! Seus hipócritas!
633;2;	Pior é você que não cuida nem do próprio umbigo e quer cuidar do de outras pessoas!!
634;2;	"É um ""ze nada"" mesmo, copiou do comentário que a Ana postou semana passada? "
635;2;	E onde voce viu animal de rodeio ser torturado ?? por conta de pessoas como voce que rodeio nunca vai acabar,por conte de gente que só fala o que não sabe e não viu.
636;2;	Bestalidade uma ignorante como voce falar coisas que nunca viu isso sim é uma bestalidade.
637;2;	Bestalidade é uma pessoa querer passar por intelectual e falar coisas que nunca viu e nem conhece de perto isso é ser besta
638;2;	Ohh seu ignorante onde voce viu um animal com testiculos apertados,por conta de leigos como voce que a projeto ja avançou o primeiro passo por pessoas que dizem coisas sem saber
639;1;	Boa demais capitão o povo sertanejo está do seu lado
640;1;	MUITO OBRIGADO PELA VISITA NO RODEIO DE TIMBORI CAPITAO AUGUSTO,ESPERO QUE TENHA GOSTADO DA RECEPÇÃO.ESTAMOS DO SEU LADO
641;1;	Valeu Ipausu festa lotada todos os dias e o Capitao muito aplaudido pela galera.
642;1;	MUITO OBRIGADO PELA VISITA CAPITÃO ESPERO QUE TENHA GOSTADO DA RECEPÇÃO,ESPERO QUE EM TODOS OS LUGARES O SENHOR SEJA RECEBIDO COMO FOI AQUI ,IPAUSU TE AGRADECE COM CARINHO,O POVO SERTANEJO TE APLAUDE SEMPRE.
643;1;	Valeu Capitao hoje aqui na minha cidade estamos preparando uma linda recepção para o senhor o povo do rodeio te agradece. seja bem vindo
644;1;	Parabéns pela visita em nosso evento Capitão seu nome sera lembrado sempre mesmo quando o senhor não comparecer, e parabéns também pela primeira vitória. de passo em passo a gente chega lá.
645;1;	Parabén pela visita em nosso evento Capitão o povo sertanejo te aplaude,conte com nosso voto sempre.
646;1;	Mais uma festa realizada com 100% da renda revertida para os hospitais rodeio segue ajudando vidas
647;2;	Vai procurar sua turma sua estupida,comemos o que queremos e nao comemos com seu dinheiro vai procurar o que fazer se isso não cultura pra voce vai proucrar lugares cultos e nos deixe em paz sua babaca se acha que isso não é cultura vai para onde tem pessoas cultas como vc
648;2;	crio meus propiros animais e sou eu mesmo quem os abate, e dai nao te devo nada pra voce vai comer o que voce quiser,capim silo,alaface nao vamos te falar o que voce tem comer cuide da sua vida
649;2;	Vai cuidar da sua vida não comemos e nem vivemos com seu dinheiro se gosta ou não é problema seu
650;2;	IDIOTA DEVE SER PAI QUE TE EDUCOU ASSIM E ONDE VOCE VIU UM ANIMAL DE RODEIO SER MALTRATADO SEU BABACA ONDE E QUANDO PELA SUA CARA DE PAYBOY NUNCA DEVE TER VISTO DE PERTO E NEM QUEREMOS SUA PRESENÇA SEU MAU EDUCADO SEM EDUCAÇÃO OTARIO IMBECIL IDIOTA QUEM É VOCE PRA CHAMAR ALGUEM DE IDIOTA DEVE SER UM IDIOTA.
651;2;	Imbecil idiota conheça antes de criticar seu babaca
652;2;	vai te catar seu imbecil ,,onde voce viu de perto um animal de rodeio ???
653;1;	Rodeio 100% bons tratos conheçam,informem se
654;1;	Valeu Capitão Augusto sua presença na Festa do Peão de Ipausu no deixou muito contentes,
655;1;	PARABENS CAPITAO AUGUSTO,PRIMEIRO PASSO JA FOI DADO
656;2;	onde ? no frigorifico deixa de ser babaca pra onde vc acha que iriam esses animais ? pra sua casa
657;1;	Parabéns pela vitoria capitao,nossos animais continuam a disposição pra quem quiser conhecer de perto como vivem.
658;2;	eu coço o saco e assumo só trabalho aos finais de semana e voce tambem porque não sai desse site vai procurar o que fazer ou vem logo pro nosso lado
659;2;	"E eu falo que esse pessoal do ""NÃO"" tem é inveja e não são protetores de animais bosta nenhuma, porque tem um projeto de proibição de uso das carroças em cidades e eles não votaram lá, é o uso de cavalos em carroças sim é mau trato, animais debilitados, passam fome, sede, carrega excesso de peso! Mas esses eles não importam porque são de pessoas humildes né? Ai não tem nada para vocês roubar deles!! "
660;2;	Cara veio com esse link dinovo? Começo a achar que voce realmente é um debio mental, referente à isso já tem outro topico no qual você não teve argumento e simplesmente veio fazer novo comentario por falta de argumentos.
661;2;	Você é tão otário que em um comentário abaixo diz não ficar copiando e colando comentários, só desse link você já copiou e colou umas cinco vezes, vocês mesmo si contra dizem em seus próprios comentários de tão idiotas que são!
662;2;	O palhaço desse link eu já ti falei né! Si quer discutir algo, venha com fontes sérias e verdadeiras, não vou perder meu tempo com link de um site de um ativista de bosta!!
663;2;	E outra coisa, vou repetir, Mas vocês fingem de desentendidos ou é porque são burros mesmo, minha resposta para os argumentos desse link está em um tópico abaixo, no qual você ficou calado por não ter novos argumentos, e ai vem postar dinovo, você quer que eu copie e cole aqui? Não vai resolver né, porque ai você finge que não viu e faz um novo tópico! Ze mané girafails.
664;2;	Você tentou algo no ramo do rodeio mas não teve futuro, por isso essa revolta e inveja toda do rodeio, mas você tentou ser palhaço porque bom comediante você é viu!! não preciso sair em revista nenhuma, de invejosos já basta você, que deve ter um apartamento de dois cômodos financiando em 25 anos, isso si é que não paga aluguel ou mora de favor! Eu não tenho que expor minha vida para bandidos crescer o olho não!
665;1;	RODEIO LEGAL NÃO MAU TRATA ANIMAL
666;2;	Moramos em um pais que menor de 18 anos pode matar e roubar,que pessoas matam por um celular,que temos a maior parada gay do mundo nas ruas de sao paulo,que politicos roubam e ficam presos em casa e as pessoas querem proibir a festa do povo sertanejo.
667;1;	valeu Capitao augusto Parabéns pela primeira vitoria
668;2;	voce é uma imbecio
669;2;	vai procurar sua turma porque a nossa não te quer,aqui voce não vai achar namorado
670;2;	Os únicos que repetem coisas aqui são vocês com essas coisas que qualquer pessoa com um pouco de inteligência sabe o que é e não é verdade!! Mostra alguma coisa que eu copiei de alguém seu ze mané.
671;2;	onde voce viu um animal ser toturado seu imbecil
672;2;	imbecil deve o senhor seu pai que nao te deu educação
673;2;	sua imbecil onde e quando voce viu um animal com o saco amarrado,nao fale coisas sem saber sua idiota
674;2;	Logo ve pelo seu arco iris que voce não entende nada desse mundo,onde voce viu de perto crueldade e expoloração com esses animais,esses animais nao ficariam em paz,seriam abatidos
675;2;	e o que tem de bom nesse seculo xxi,,pessoas sendo mortas pelos seus proprios filhos ou esposas matando seus maridos para ficarem com sua pensão,outras sendo mortas por um celular ou uma correntinha de ouro,,onde voce esta vendo avanço da humanidade ai no seculo xxI
676;1;	Parabéns |capitao,primeiro degrau ja vencido
677;1;	Valeu Capitao Augusto pode contar com nosso apoio
678;1;	Parabens a todos organizadores do socorro expo agro 2105,toda a renda da bilheteria revertida para o hospital de socorro enquanto os outros criticam voces ajudam !!!!
679;1;	Parabens capitao,,de grao em grao a galinha enche o papo,,primeiro passo ja ganhou
680;2;	VAI CAÇAR UM NAMORADO HAROLDO TODO MUNDO SABE QUE VOCE É UMA MULHER,VAI TRABALHAR VC PARECE SER TAO VAGABUNDO QUANTO EU NÃO FAZ NADA FICA AQUI O DIA INTEIRO CRITICANDO TO ACHANDO QUE VC É ALGUM COWBOY CO MO EU,FAZ NADA A SEMANA INTEIRA E NO FINAL DE SEMANA PASSEIA EM ALGUM EVENTO
681;2;	O girafails só porque está escrito UOL no link quer dizer nada, o site está bem fuleiro para ser do UOL, à começar pelas cores, um site feito por ativistas muito ruim que não soube nem falsificar bem, E simplesmente colocou um UOL no meio do link para enganar otarios como você.
682;2;	"Para você que é desintendido, não deve ter muito estudo, talvez por isso essa dificuldade em assimilar certas coisas, o site nunca foi, não é e nunca será do UOL. O link fuleiro que não sei como vocês consegue achar isso, Si chama "" congressoemfoco"" é depois, o péssimo profissional que fez colocou um UOL, para enganar pessoas de menos inteligência como você! "
683;2;	"Depois você digite em seu PC ""www.uol.com"" si você à inteligência de um garotinho de 5 anos, você vai conseguir ver a diferença do site ""UOL"" é dessa fuleragem desse link que você arrumou! "
684;2;	"Você é um cara tão retardo e invejoso que distorce todas conversas e quando não tem resposta ou argumentos finge que nem viu o último comentários do ""sim"", E um exemplo é você citar alguém com 300 bilhoes de cabeça de gado, ou você não sabe ler ou não sabe escrever ou é à inveja mesmo né!? "
685;1;	PARABÉNS CAPITAO PELA PRIMEIRA VITORIA SEU NOME FOI LEMBRADO COM MUITO CARINHO NA FESTA DE IPAUSU SP,CASA CHEIA TODOS OS DIAS MESMO COM CHUVA.CONTE COM NOSSO APOIO
686;1;	Parabens Capitao seu nome foi lembrado com muito carinho na festa de vargem grande do sul
687;1;	Mai um rodeio benificiente essa semana,casa lotada graças a deus,rodeio ajudando pessoas carentes. Parabéns Capitão Augusto muitos são contra mas milhares são a favor,nem jesus agradou a todos.
688;1;	VALEU CAPITAO AGUSTO,QUEM CONHECE COMO O SENHOR CONHECEU,SABE COMO VIVEM ESSES ANIMAIS,RODEIO LEGAL NÃO MAU TRATA ANIMAL.DE PASSO EM PASSO A GENTE CHEGA LÁ.
689;1;	Parabéns pela primeira vitória Capitao Augusto,pode contar com a galera dos 3 tambores.
690;1;	parabéns Capitao Augusto,pela primeira vitoria.
691;1;	Obrigado capitao augusto,por olhar para o povo sertanejo.
692;1;	PARABÉNS CAPITAO,PRIMEIRA ETAPA CONCLUIDA
693;2;	O Haroldo fala tudo baseado no preconceito, todo mundo sabe disso , ele ta pouco se fudendo com os animais ele não gosta é da classe
694;1;	Parabéns Capitao..primeiro passo ja foi
695;2;	Analfabeto deve o senhor seu pai,,use seu nome real primeiro depois voce venha discutir,,todo mundo aqui sabe que voce é uma mulher.se até seu nome é falso imagina sua personalidade
696;2;	Único analfabeto e desentendido aqui é vocês, principalmente voce girafales, si existisse maus tratos em rodeio todos seria embargados, como isso não acontece, qualquer pessoa com um pouquinho de inteligência sabe que quando um rodeio é embargado é devido alguns fatores descumpridos, e mais uma vez volto à repetir, isso acontece em rodeios pequenos com maus profissionais na organização!
697;2;	"Haroldo o meu lema é ""mais rodeios e menos babacas"" "
698;2;	você não gosta de rodeio e é um babaca ou seja !!!
699;2;	"Haroldo girafales, vulgo ""ze ninguém da sociedade "", enquanto você vem com o milho eu já estou com o fubá pronto, não precisa me mandar link, pois eu pesquiso os fatos à fundo, em relação ao face com o nome de órgão público é um ativista fake, em relação ao rodeio é uma série de fatores descumpridos, mas como eu disse isso acontece em rodeios pequenos com maus profissionais na organização! "
700;2;	Assuma seu preconceito que doi menos , seu problema não é com os animais que você sabe que não sofrem maltratos , seu problema é com o o meio do rodeio, pessoas que frequentam, musica que é tocada, assume que fica mais bonito.
701;2;	Esse povinho tem é inveja mesmo do pessoal do rodeio, inveja por não ter nada e saber que todas pessoas envolvidas no rodeio são bem sucedidas, infelizmente o sol é para todos à sombra é só para alguns, mas não temos culpa de você ser um NADA na sociedade. E enquanto você ficar nessa inveja achando que vai derrubar os bem sucedidos, você vai continuar sendo esse NADA na sociedade!!!
702;2;	Não discutir com você pq você é um babaca que expõe seus argumentos baseado no preconceito e não na causa.
703;2;	Meu amigos do SIM um sugestão não entrem em discussão com o tal de HAROLDO o sujeito é preconceituoso e sempre desanda a discussão para ofensa , ele está aqui pois teve sua maquina de churros estragada por um peão de rodeio, conforme ja foi falado nessa discussão tempos atras.
704;2;	Ninguem é lord aqui não..lixo deve ser voce quem tem lodo até no nome.quem é voce para chamar nossa cultura de lixo e a musica sertaneja de mediocre
705;1;	Parabéns pela iciciativa capitao augusto de 24 a 27 de setembro Socorro rodeio festival.Toda a renda da bilheteria revertida para a santa casa de socorro.Rodeio ajudando vidas.
706;1;	Parabéns Capitão Augusto pela primeira conquista,estamos do seu lado. Rodeio quem não conhece critica,quem conhece ama. vamos conhecer antes de criticar !!!!
707;1;	Parabéns pela primeira vitoria capitão quem conhece,sabe porque o senhor defende,
708;1;	PARABÉNS CAPITÃO AUGUSTO ,POR OLHAR PARA O POVO SERTANEJO
709;2;	Meu pai tem só 30 mil cabeças de gado, capaz que eu não sei mesmo o que é ser peão de verdade não, E muito menos vvocê que é um ze ninguém na sociedade!
710;2;	OLHA COMO VOCE É BABACA,UM CAVALO PANTANEIRO TRABALHA DURANTE HORAS POR DIA E QUASE TODO DIA UM CAVALO DE RODEIO TRABALHA POR 8 SEGUNDO NO MAXIMO 2 VZS POR SEMANA,VIVE EM MEDIA 4 A 5 ANOS A MAIS QUE UM CAVALO DE SERVIÇO SE VOCE FOSSE UM CAVALO SERA QUE PREFERIA SER UM PANTANEIRO OU UM DE RODEIO.
711;2;	E outra coisa por isso vocês fala tanta Merda sem saber, porque fica vendo vídeos ai na Internet e não sabem nem si são verdadeiros! Eu vivo de realidade! Capaz que vocês são tão tolobas que acreditam até nessas merdas de novelas que passam na televisão!
712;2;	Eu estou vendo que só mesmo um tonto como voce acha que um animal de serviço no mato grosso vive melhor que um cavalo de rodeio,os pantaneiros trabalham durante horas em um sol de 40 graus,mas tem que fazer o serviço,porque se fizerem quem faria por eles,, e os cavalos de rodeio trabalham no maximo 8 segundos quando trabalham,, aprenda voce antes de falar tanta besteiras.
713;2;	"Vai cuidar da sua vida seu ""fake"" seja você quem for, os touros de rodeios são particulares o dinheiro gastos para realização dos rodeios são particulares, então vocês não tem nada pra entromenter aqui, Si não gosta é só não ir aos eventos!!! "
714;2;	sai pra lá mulher com nome de aroldo vai procurar sua turma talvez as encontre na parada gay da avenida paulista.
715;2;	Como voce é ridicula sera que as pessoas que estavam lá tambem eram fantasmas como seus animais.Ana dos Animais fantasmas... Vi passear com o Haroldo Girafales ele deve ser da mesma turma que voce,ou são irmaos gemeos,,vcs falam exatamente as mesmas coisas.
716;2;	VAI TE CATAR GIRAFA LOUCA TODO MUNDO AQUI SABE QUE VOCE É UMA MULHER QUE MODINHA?? ,BARRETOS ESSE ANO COMEMOROU 60 ANOS,,A FESTA DE ITAPIRA COMEMOROU 47 VC ACHA QUE UMA MODINHA DURA 60 ANOS ??? VAI PROCURAR SUA TURMA DE COROCAS E VAI TOMAR CHÁ. OU USE SEU NOME VERDADEIRO.
717;2;	cala tua boca frutinha,cada hora voce inventa alguma coisa,,ja te passei meu endereço meu nome meu apelido e onde fica minha propriedade,,quando quiser virar homem me procure,,,
718;2;	vira homem fruta,,nao falamos do seu desfile nas ruas de sao paulo,,se voce acha a aparada gay cultura entao tambem achamos,,cada um na sua.
719;2;	Oh Lunático acorda pra vidaaaaaaaaaaaaaa
720;2;	Resolveu virar hominho ? aprendeu que animais sao devorados por humanos nesse pais.
721;2;	Aí sambista, Aluys, SEJA VEGETARIANO, FEMINISTA, EVANGÉLICO, ATEU, DE ESQUERDA DE DIREITA, SEJA A PORRA QUE VC QUISER, SÓ NÃO ENCHE O SACO DAS PESSOA!
722;2;	chega de usa los´e mande os para o matadouro ?..
723;2;	E o que é apresentação o derna para voce,,pessoas sendo mortas na porta da igreja mais famosa do brasil ou sendo morta com um tiro no peito por conta de um celular,,esse é o pais moderno seu.
724;2;	o UFC ,o esporte da moda hoje seria o que para a senhora.. gladiadores da era moderna.temos muitas coisas medievais ainda,pessoas sendo esquartejadas e colocadas dentro de malas,outras matando seres humanos para fazerem coxinhas etc..ainda não evoluimos tanto como voce gostaria.
725;2;	Riciculo de ve ser voce,vai cortar essa barba,arruma esse cabelo,melhora essa cara de louco. e aprenda sobre esses animais.
726;2;	Realmente voce é ridiculo.
727;2;	Tambem achei voce bem ridiculo
728;2;	Si eu não entendo, você menos ainda que só entende de ração de gato e olhe lá, capaz que dá é arroz com feijão pro seu, em relação às tramitação das lei, meu pai também que está dentro do plenário mepassa todas as iinformações necessárias!!!
729;2;	e vem um babaca como voce falando coisas sem saber querendo se passar por culto.onde voce viu um animal de rodeio ser mau tratado..onde e quando em qual evento,falar coisas sem saber também é ignorancia,,se nao gosta respeite quem gosta,o que é desprezivel para voce ,pode ser um modo de vida para outras pessoas,quem te falou que só seu modo de vida é o certo.
730;2;	PORCARIA DEVE SER SUA VIDA,O QUE É CULTURA PRA VOCE PODE NÃO SER PARA OUTRAS PESSOAS,CULTURA CADA UM TEM A QUER.CONHEÇA ANTES DE CRITICAR.
731;2;	voce está no brasil aqui se mata por um celular ou por uma carteira vazia ou qualquer coisa assim,esse pais é assim mesmo,presos que não tem filhos saem no induto do dia dos pais e etc.. aqui é assim,não aprendeu ainda então muda para europa lá é diferente aqui não.
732;1;	APROVADO, APROVADO, APROVADO, APROVADO, APROVADO, APROVADO, APROVADO, APROVADO, APROVADO, APROVADO, APROVADO, APROVADOOOOOOOOOOOOOOOOOOO!!!! VIVA O RODEIO!!!
733;2;	A sua mãe eu monto a hora que ela quiser!
734;2;	otario é voce de nao saber que os animais que nao vao para o rodeio vao para o matadouro,onde a morte é melhor que a vida,,só no seu mundo.
735;2;	deixa voce de ser ridicula ,aprenda que nehum animal tem o saco apertado e o animal que nao vai para o rodeio vai para o matadouro,,aprenda antes de falar ou voce acha que os animais que nao vao para o rodeio vao para shoping
736;2;	cade seus animais,,vai procurar o que fazer,,voce não cuida de nenhum animal,chega dessa conversinha que não quer mostar,,vai procurar serviço voce deve uma desocupada,,se quiser dar um pulo em amapro e conhecer os meus estao a disposição,,vem aqui mato um carneiro pra nos e agente comemora com um churrasquinho,,vai te catar voce deve mais uma daquelas que pega dinheiro para cuidar de animais invisiveis,,cade seus animais..nos mostre por favor
737;2;	E OUTRA PARTE EM ASSALTOS E TRAFICOS,,VOCE ASSISTI JORNAL,ONTEM DOIS ADOLECENTES DE 14 E 17 ANOS MATARAM A ATIRARAM FOGO EM UMA MULHER.ISSO É A SUA MODERNIDADE.
738;2;	imbecil é uma mulher que vem aqui com nome de haroldo e quer debater alguma coisa.
739;2;	primeiro voce vira homem, todo mundo aqui sabe que voce é uma moçinha ,depois aprenda que nem tudo pode ser do jeito que ver quer,
740;2;	e ai moçinha resolveu virar homem,,acorda pra vida o lunático ou ainda ta achando que todos animais do plante vão ser libertados
741;2;	ISSO MESMO VOCE NAO VAI ESTAR MAIS AQUI NOS ENCONTRAREMOS NO INFERNO SUA FRUTINHA
742;2;	" O burro retardado, apesar que si faz de burro.. com a mesma conta não, Mas com os vários ""fakes "" que vocês tem, porque aqui os únicos que são desocupados para criar perfis fakes são vocês que fica tomando conta da vida alheia!"
743;2;	Ana e dessas pessoas que o jardineiro pede água e ela vem com um copo de massa de tomate pra dar água pra ele de nojo do pobre, depois quer falar mera.
744;2;	Ninguém fala nada da exploração, que é os cavalos da polícia é bomba de gás, pedrada, Paulada etc... E aí? Gato comeu a língua de vcs?
745;2;	mai arco iris ,falando o que não sabe
746;2;	SE VOCE NAO COME CARNE É PROBLEMA SEU,,MUITAS MATAS TAMBEM FORAM DERRUBADAS PARA PLANTAR A SOJA QUE VOCE COME..TAMBEM NAO VAMOS NA SUA CASA TE FALAR O QUE VOCE TEM QUE COMER.NOSSO PAIS É O TERCEIRO MAIOR PRODUTOR DE CARNE DO MUNDO E COMEMOS MUITA CARNE,,PELO SEU ARCO IRIS VOCE TAMBEM GOSTA DE COISAS QUE NÃO SAO NORMAIS,ENTAO CUIDA DE SUA VIDA,CADA UM VIVE DO JEITO QUE QUER.
747;2;	"Pessoal do ""NÃO "" aqui, são todos ignorantes, sem conhecimentos falando asneiras! "
748;1;	O rodeio e uma festa cultural que movimenta pessoas com boa índole , que trás saúde aos mais pobres e aos que necessita. O maior exemplo é o Hospital de Câncer de Barretos que não cobra um centavos de quem dele se benefícia. Os animais usados tem tratamento com ótimos vetirinarios.E está. Nascendo um novo Hospital na cidade Campinas.
749;1;	VA VOCE EVOLUIR E APRENDER UM POUQUINHO SOBRE ESSES EVENTOS,ANTES DE FALAR COISAS SEM SABER.
750;2;	onde voce um touro ou um cavalo de rodeio sofrer sua ignorante por acaso ja foi ver de perto se nao foi ,vá antes de falar coisas sem saber,
751;2;	TEM QUE PROIBIR UM BOSTA COMO VOCE DE VIR ATE UM SITE DESSE FALAR COISAS QUE NÃO SABE.. QUEM TE FALOU E ONDE VOCE VIU UM ANIMAL COM O SACO APERTADO SEU IGNORANTE,,CONHEÇA ANTES DE FALAR SEU BOSTA.NAO FALE COISAS SEM SABER NAO SEJA VOCE O ANIMAL.
752;2;	merda é um bosta como voce que fala coisas sem saber deve ser um babaca criado com avó,,onde o senhor viu um animal com saco apertado seu retardado,,conheça antes de falar e se passar por ridiculo,,nenhum animal tem seu saco apertado seu otario,o unico deve o seu saco apertado aqui aqui é voce ou seu pai,,conheça antes de falar tanta bosta.
753;2;	tem que proibir um tonto como voce ,ignorante e imbecil de falar uma tonteira dessa onde e quando voce viu um animal com o saco apertado,,nos mostre ou fale o nome do proprietario,,nao fale coisas sem saber seu idiooota
754;2;	FILHOS DA PUTA DEVEM SER ESSAS PESSOAS MAUS INFORMADAS COMO VOCE QUE FALA COISAS SEM SABER,,VOCE JA FOI CONHECER DE PERTO COMO VIVEM COMO SAO TRATADOS ESSES ANIMAIS.SABIA TAMBEM QUE É PARA UM MATADOURO QUE VAO OS ANIMAIS QUE NAO SAO SELECIONADOS PARA O RODEIO.APRENDA ANTES DE CHAMAR ALGUEM DE FILHA DA PUTA,NAO COMEMOS COM SEU DINHEIRO E NEM TE DEVEMOS SATISFAÇÃO VAI PROCURAR SUA TURMA SUA IDIOTA.
755;2;	gentalha deve ser quem te colocou no mundo e nao te deu educação se nao gosta respeite quem gosta nao vamos na sua casa te falar do que voce tem que gostar sua mimadinha cuida da sua vida e que deus te de em dobro o que nos desejares,,e filha da puta deve ser voce,sua sem educação ,mal criada.vai procurar sua turma.
756;2;	VAGABUNDA DEVE SER VOCE ONDE VOCE VIU UM ANIMAL COM TESTICULOS APERTADOS SUA IGNORANTE RETARDADA,,TODO EVENTO É OBRIGATORIO TER UM MEDICO VETERINARIO RESPONSAVEL PELO BEM ESTAR DOS ANIMAIS E NUNCA NENHUM ANIMAL TEVE SEUS TESTICULOS APERTADOS,,ANIMAIS CASTRADOS E EGUAS NEM TEM TESTICULOS SUA OTARIA,, VAI CUIDAR VDA SUA VIDA QUER SE PASSAR POR ESPERTA E NEM SABE O QUE ESTA FALANDO NINGUEM AQUI COME COM SEU DINHEIRO E NEM TE DEVEMOS NADA APRENDA ANTES DE FALAR.
757;2;	voce que se fazer de inteligente e acha que animais tem seu esmagados sua ignorante por acaso voce viu um animal com seu saco apertado sua babaca,,que animal pularia com seu saco apertado,,ele deitaria,aprensa sua mimadinha sem educação imbecil e otaria.
758;2;	QUAL RIQUISSIMA CULTURA VOCE TEM,, EM UM PAIS QUE SE MATA POR 10 REAIS OU QUE MATA PESSOAS NA PORTA DE IGREJAS QUE TE ROUBAM UM CELULAR E TE DAO UM TIRO NO PEITO,,ESSE É O PAIS QUE EU VIVO AGORA NAO SEI O SEU QUE É RIQUISSIMO EM CULTURA.
759;2;	Só um covarde e tonto como esse Josimar Ferreira para falar que animais de rodeio tem seu testiculo apertado,,o unico que deveria ter seu testiculo apertado aqui é voce..conheça antes de falar seu idiota
760;2;	POR CONTA DE PESSOAS IDIOTAS COMO SENHOR JOSIMAR FERREIRA QUE O NOSSO ESPORTE FICA MAL VISTO,,ONDE E QUANDO E QUAL ANIMAL ELE VIU COM O TESTICULO APERTADO...PESSOAS QUE FALAM COISAS SEM SABER,,SÓ MESMO SENDO UM IMBECIL PARA FALAR COISAS QUE NUNCA VIU.
761;2;	Pessoas idiotas imbecis que querem falar em cultura,vem aqui e falam que animais de rodeio tem seus testiculos amarrados,,falta de cultura tambem é falar coisas sem saber.pessoas como esse idiota do josimar ferreira,,onde quando e qual animal com testiculos amarrados ele viu,,conheça antes de falar seu idiota.
762;2;	olha o tamanho de sua ignorancia,,qo unico testiculos deve estar amarrado por aqui é seu seu imbecil,,onde e quando vc viu algum animal de testiculos amarrados nao fale coisa sem saber seu babaca,,saber antes de falar tamvem é cultura seu imbecil
763;2;	IDIOTA,,OTÁRIO,IMBECIL ONE VOCE VIU ALGUM ANIMAL COM O SACO AMARRADO,,CONHEÇA ANTES DE FALAR ,,NÃO SEJA VOCE O ANIMAL.
764;2;	QUAL ANIMAL VOCE VIU COM TESTICULOS AMARRADOS SEU BABACA,,ANIMAIS CASTRADOS E EGUAS NEM TEM TESTICULOS,,APRENDA ANTES DE FALAR TANTA BOSTA.
765;2;	se for para marrar os seus,,animais de rodeio não tem seus testiculos amarrados,,conheça antes de falar seu babaca.
766;2;	CULTURA TAMBEM É FALAR COISAS COM CONHECIMENTO DE CAUSA,,ME DIGA O NOME DO EVENTO E O NOME DO ANIMAL QUE VOCE VIU SER AGREDIDO..FALAR COISAS SEM SABER TAMBÉM É FALTA DE CULTURA..
767;2;	Nestor Albuquerque, 51 anos, sexo femenino pqp., raça do capeta não prestam nem prá fazer fake. Ridículo.
768;2;	Como voce pode ser tão lunatico e burro e ignorante,,animais que não vao para o rodeio vao para o abate, a unica chance que um animal desse tem de chegar a idade adulta é sendo de rodeio,,conheça como vivem e como são tratados,,se vc nao come carne existem 210 milhoes de cabeça de gado esperando para serem abatidas e não é voce que vai protege las..viva a realidade ,viva nesse mundo,nao nesse mundo de ilusao que voce imagina,,,cresça voce ja tem até barba,,, vire hominho...
769;2;	Rapaz que voce é frutinha nos sabemos,,mas não queira ter os mesmos gostos que vc,,cada um faz o que quer,,não quera que todo mundo seja como vc..seja feliz do seu jeito,, e deixa a gente do nosso
770;2;	 Alma fake penada, a sra. faltou nas aulas de geografia  isto tudo aí que a sra. citou, ocorrem nas touradas da Espanha.
771;2;	Buenas, gaudério  guapo das querências. Barbaridade! tú tem toda razão, taura. Raça de hipócritas esta gente do Não  merecem chilena no suvaco  e rebenque no lombo, tchê.
772;2;	"Traidor chimango. Não é digno de pisar no chão sagrado do Rio Grande  berço do rodeio crioulo  que foi desbravado por tropeiros e peões, em lombo de animais  assim como o restante do Brasil. Pela fotinha do perfil, dá pra notar que é um ""Zé Tramposo"" mimadinho da capital  renegando suas raízes. Não serás um gaúcho verdadeiro, jamais. "
773;2;	Alma fake penada, a sra. faltou nas aulas de geográfia  isto tudo aí que a sra. citou, ocorrem nas touradas da Espanha.
774;2;	Kkkkkkkk vocês não coloca sua vida pessoal, Mas quer intrometer na dos outros!? Afinal bois de rodeios ou de abates são todos particulares!! Você é apenas uma hipocritazinha que não tem onde cair morta, vai procurar sua vaga nos asilo ai, porque é pra lá que você vai daqui uns dias!
775;2;	vc se denomina Ana dos Animais,mas nao cuida de nenhum
776;2;	De boa vontade o inferno ta cheio,,nos mostre os animais que vc cuida,,irei visitar com o maior prazer e adotarei algum,vc fala muiiito.
777;2;	o problema é seu eu não sou vegano como animais,,não como com seu dinheiro crio meus proprios animais ,,não trato deles com seu dinheiro,,para mim vc pode comer ate capim,,o problema é seu,,se quiser vir ate minha casa tenho uma propriedade em amparo sp,, perto da entrada da cidade,, venha aqui que ensino a comer carne,,
778;2;	Só porque é vegano vc quer que todo mundo seja,,, cada um come o quer,,ja imaginou se formos na sua casa de obrigar a comer carne.
779;2;	Entao infelizmente voce está no pais errado,,nosso rebanho é de 210 milhoes de cabeça de gado,,14 milhoes de ovinos,,35,2 milhoes de suinos,,14,2 milhoes de cabrinos e todos esses rebanhos são destinados para o abate..
780;2;	vai procurar sua turma seu frutinha,,se quiser me conhecer de perto minha propriedade fica em amparo logo na entrada da cidade e só vc chegar e perguntar pelo paulao calanchue tem uma placa enorme na entrada e se quiser fazer um estagio e aprender virar homem pode passar uma temporada aqui.
781;2;	vira seu babaca
782;2;	Esta parte do fudido  é a tua praia milady.
783;2;	Esta sua posição na fotinha do perfil...! este sorrizinho pervertidinho...! esta carinha de dor e prazer. Sacomita, você estava sendo empaletado neste momento  certeza!
784;2;	Só decepção com esses defensores de animais, tantos cães para adotar e maioria prefere pagar caro em um cachorro de raça. Vejo direto alguns, saírem de manhã com seu cãozinho. Na mão direita a corrente com o cão, e na esquerda um cabo de vassoura, pra dar no cãozinho de rua que vem, brincar com eles, vou começar a filmar e lançar na net.Outro dia precisei de um defensor, xiiii, de frente meu trabalho colocaram fogo no pasto, tinha uma égua presa lá, eu não tinha corda, soltar seria errado, liguei no bombeiro, xiiii, polícia, me mandou ligar na polícia ambiental, tive que tirar minha cinta e tirei o animal de lá, só que ele voltou pra lá e passa fome e sede, procurei zôo nozes, xiiii, eles não pode por a mão, aí pensei, vou procurar a turma do NÃO eles vai vim, com aquele policial que matou um cavalo em uma rodovia e pronto manda matar que cada o sofrimento do cavalo, é isso que querem com os touros mesmo!
785;2;	vc ja viu algum animal de rodeio de perto,,como vc afirma que passam por medo,angustia,,vc ja foi a um matadouro e ja viu a rea ao deles quando sentem cheiro de sangue e nem por isso deixam de morrer.
786;2;	eu quero visitar a sua,,visitei uma em ouro fino mg e me desepcionei,um monte de cachorros fechados em canis pequenos e desconfortaveis,,para mim aquilo [e uma prisao perpetua,, quero ver os seus animais porque vc acha que todos os animais de rodeio sao maus tratados entao nao custa nada voce mostrar como cuida dos seus,
787;2;	"Absurdo é saber que um touro que tem de 10 a 15 anos para viver e pessoas preferir que eles morra, só porque não gostam de tal esporte o ""NÃO"" é como se tive pedindo para matar os touro. O eu acho, não é certeza, certeza tem quem estudou animais de grande porte, a maioria é a nosso favor. "
788;2;	vergonha é um tonto como vc falar coisas sem saber,,quer conhecer o dia dia dos animais posso te mostrar quando e a hora que vc quiser.. com as despesas pagas.
789;2;	O que isso tem haver com o tema discutido??? Ou você é burra que não sabe diferenciar touradas dos rodeios???
790;2;	e o que é cultura para voce.. O pancadão com adolecentes fazendo sexo na rua,,, vai procurar ajudar quem realmente precisa,,existem milhares de pessoas passando fome na vida,,na africa tem crianças comendo barro com agua,,os animais de rodeio ja tem cuida deles.
791;2;	estamos no seculo XXI e pessoas estao sendo mortas por conta de um celular,outras por conta de um par de tenis,,, pessoas morrendo na porta da igreja,,esse é o seculo XXI que vc está falando.
792;2;	e o que modernidade para vc ,,o que é seculo XXI para vc,pessoas de roubarem no meio da rua,menores matarem e roubarem e serem presos no maximo até 21 anos de idade,,essa é sua modernidade,,olha o pais que vc mora,, e ainda quer falar de seculo XXI. vai procurar o que fazer,,acordaaaa pessoas aqui matam por um celular e vc vem falar de modernidade,tenha dóooooooooo
793;2;	Fala coisas muito sem noção, é impressionante, só si for você para matar touros avaliados em 300, 500 mil, só uma pessoa como você para fazer isso!
794;2;	Enquanto existir pessoas sem conhecimentos como você não teremos progresso!!
795;2;	Me diga o que cavalgada tem haver com rodeio??? Você é só mais uma mimadinha que não sabe nada!!
796;2;	E si quiser montar na sua mãe, tem como amarrar as bolas dela também? Ou si castrar seu pai e quiser montar nele, como vou fazer para amarrar as bolas dele?
797;2;	Ficar calado às vezes é melhor que falar abobrinhas e si mostrar um total desinformado!!
798;2;	como carne todos os dias e vou continuar comendo,,não compro com seu dinheiro
799;2;	filha da p.. deve ser que te pos no mundo seu babaca..vá conhecer como vivem e co o sã tratados ani ais de rodeio..ninguem aqui como seu dinheiro seu babaca
800;2;	vai procurar sua turma seu idiota..não pedimos e nem vivemos com seu dinheiro.
801;2;	ESSES ATIVISTAS SÃO TUDO VAGUBUNDOS QUE NÃO QUEREM TRABALHAR E TEM INVEJA DOS BEM SUCEDIDOS, AFINAL QUEM BOIADAS TEM GRANA, SÓ DIGO UMA COISA, SOU À FAVOR DO REGIME MILITAR NO BRASIL NOVAMEMTE, PORQUE NO REGIME MILITAR VAGABUNDOS COMO VOCÊS ENTRA NO CACETE POR FICAR INVEJANDO O SUCESSO DAS PESSOAS!  QUERO VER A CARA DE VOCÊS DENTRO DE UM CAMBURÃO, POR FICAR DE VAGABUNDAGEM NA RUA, AO INVÉS DE PROCURAR SERVIÇO, PORQUE QUEM TRABALHA NÃO TEM TEMPO PARA VIGIAR A VIDA DOS BENS SUCEDIDOS.... VOLTAAAAAA REGIME MILITAR!!!
802;2;	O retardada como eu já disse anteriormente, isso não é argumento, vocês não deve ter nem a quarta série né!? Porque não sabem nem interpretar, isso é minha opinião, o que eu quero que aconteça, isso não são argumentos seus analfabetos!!
803;1;	Porque ele cria o que ele quer!!! Porque ele tem o poder de criar o que quer!! Ao contrário de você que não tem poder de nada!
804;2;	Vai procurar um asilo para você passar o resto da sua vida, Porque tenho certeza que deve ser uma velha solitária!!!
805;2;	seu cabeça atrofiada, tem q ter evolução contra a exploração de animais, pra lucros $$$$ de sdesumanos, desalmados, bota teus filhos la, q aí eu vou assistir eles servindo de palhaços.
806;2;	Quem é fak seu bosta,,mora em jacutinga minas gerais se quiser me conhecer ao vivo te passo meu endereço meu telefone e te ensino a ser homem,,sua frutinha
807;2;	seu bosta tenho nome e endereço posso falar com vc ao vivo quando e onde voce quiser,,vira homem babaca,, conheça antes de criticar,,se voce não gosta aprenda a respeitar quem gosta,,conheço animais de rodeio e tambem conheço como são tratados,,se quiser posso te mostrar quando e ahora que voce quiser,me passa como possso te encontrar e conversaremos ao viov por outras redes..o unico fake que deve ter aqui é voce seu idiota.
808;2;	e onde vc algum animal ser torturado sua babaca
809;2;	Esses trouxas do não, vota sem noção, mau sabe eles o que irá acontecer com os touros, acho que pra eles a morte dos touros de rodeio em massa, sera uma vitória. Votamos sim pelo rodeio porque amamos esses animais, já quem vota não, eu tenho certeza que nenhum tem experiência com animais de grande porte vê os bicho só imagem em tv,net e revista! Sim é para garantir a vida desses touros, já que sem rodeio os touros será bife pra todos, mais é isso que vcs querem, e não vem tentar argumentar alguma coisa que eu disse, porque essa é a realidade, SIM preserva o touro vivo, NÃO será matado para nosso alimento, triste não!
810;2;	"Tem que rir desses otarios do ""NÃO "" eles fica denunciando todos os comentários do sim, será que eles acha que isso vai mudar alguma coisa!!??? Ou é porque vocês não tem argumentos??? Tem é que dar muitas risadas!! Kkkkkkkkkkkkkkkkkkkkkkkkkklkkkkkkkkkkkkkkkkkkkkkkkkkkkkkkkkkkkkkkkkkkkkkkkkk"
811;2;	Já ti falei não fica pagando de trouxa aqui com esses links de pessoas que apenas diz não gostar de rodeios.. pesquise à fundo o que está acontecendo... e para sua infelicade o rodeio ja foi remarcado e agora será mais dias além do que era!! Será dois finals de semanas!!! Tomaaaaaaaaaaaaaaa...
812;2;	Digo o mesmo pra você!!! Hipócrita
813;1;	PARABÉNS AO NOBRE DEPUTADO!!!! Não devemos nos calar diante desta ditadura esquerdista! Apoiam o aborto e protegem os animais MAIS QUE OS SERES HUMANOS!!!
814;2;	"Ok você venceu, batata frita... (Blitz). Ora, srta. Letícia  não subestime a inteligência desse pobre caipira, atrasado e ingênuo. A srta. encabeça uma verdadeira cruzada contra nossos costumes, tradições, e paixões  nos acusa de maltratar e explorar nossos heróis, que são os cavalos e, os touros de rodeio  deprecia o amor que temos por eles  amaldiçoa os pobres carnívoros  mas, no primeiro happy hour, a srta. se permite ser flagrada degustando um delicioso diner burguer. Convenhamos, a srta. tem bom gosto  o Zé do Hamburguer é uma das melhores casas do ramo. Srta. Letícia com todo respeito a este seu rostinho meigo, mas as suas opiniões expostas nesta página são uma fraude. ""Nada está encoberto nesta vida."" "
815;2;	se voce é vegetariana é problema seu,eu não sou e também não vou na sua casa de falar o que voce tem que comer..vai cuidar da sua vida..cada um come o quer.. ninguém come com seu dinheiro...tambem ninguém vai na sua casa te falar o que tem que beber que roupa tem que por e tc.... cuide da sua vida
816;2;	nossa moça me desculpa mas voce anda tomando remédio controlado,olha as coisas que voce fala,,voce ja foi no campo,voce tem ideia de como vivem e como são tratados animais..estamos no planeta terra,ano de 2015..brasil,,por favor acorda,, pare de sonhar e ter alucinaçoes.
817;1;	você tbm diz amar os animais, você teria um boi de 1 tonelada ai na sua casa?
818;2;	os animais que não são selecionados para o rodeio vão para o frigorifico e só na cabeça desses ativistas que a morte é melhor que a vida.
819;1;	Todo mundo explora animais, até quem tem o cachorrinho em casa , isso vai muito além do rodeio
820;1;	Não é crime não, meu sr. atualize-se. L10519 - Presidência da República www.planalto.gov.br/ccivil_03/leis/2002/L10519.htm
821;2;	e o friforifico seria o que..é pra la que vão animais que não são de rodeio
822;1;	Rodeio não mau trata animal.
823;1;	Barretos ja está no seu 9 dia e nenhum animal ferido nem lesionado,,animais lindos com vida de atletas,,acompanhem pelas redes sociais,
824;1;	Rodeio legal não mau trata animal.Conheçam,informem-se aprendam !!!
825;1;	Rodeio é 100% bons tratos aos animais
826;1;	quem não conhece critica,quem conhece ama
827;2;	Ana animal foi banida do site . dentro da legislação brasileira, foi punida por uma contravenção penal que consiste em tirar a paZ de alheios , segundo o artigo 42 da Lei das contravenções penais . Hauahauahu
828;2;	Sem noção pare de comer carne.
829;1;	Sou a favor do rodeio mas tipo, não tem motivo pra ser considerado patrimônio cultural porque aqui não é seu pais de origem...
830;1;	ai ficaria bão heim
831;2;	vai caçar sua turma dona araci,,voce não gosta de rodeio e adoro a dilma belo negocio
832;2;	tem alguém pedindo pra vc gostar de rodeio aqui,,pessoas iguais a vc é bom que fique bem longe dos rodeios mesmo,,vai procurar sua turma,,vc os achara em brasilia.
833;2;	Quanta estupidez  em tempos de globalização querer segregar culturas. Por acaso o futebol nasceu no Brasil? o rock é brasileiro? o macarrão? até mesmo esta carcinha véia furada  marron no fundo, que ocê tá usando, veio de fora (Paraguai). E esta viadagem de veganismo, entao? por acaso nasceu em Campinas? Pelotas? Não...! foi invenção do Pato Donald Watson (Norte-americano), tia  vocês copiaram dos States, e vem falar da gente. I love rodeo in Brazil, and in the world. Odeio Dilma.
834;1;	Kkk, amo Jacareí, terra de campeões de rodeio, amo a FAPIJA, mas Araci de Almeida, com a cara da Dilma no perfil, envergonhou a galera do Vale,
835;1;	Rodeio 100% bons tratos aos animais
836;1;	Festa do peão de Barretos 2o15,nenhum animal lesionada até agora em 9 dias de festa,,acompanhem pelas redes sociais
837;1;	vamos fazer igual a Ana dos Animais que assistiu o rodeio de barretos e viu como são tratados os animais de rodeio,,com acompanhamento veterinario e nutricionistas muito mais bem tratados que muito humanos em nosso país
838;1;	Rodeio legal não mau trata animal,barretos 2015 os animais mais lindos do brasil
839;1;	9 dias de festa até agora em barretos nenhum animal ferido ou lesionado,mais de 40 veterinários de plantão 24 horas,,animais lindos e saudáveis,,acompanhem pelas redes sociais
840;1;	faça como a Ana dos animais,assista barretos ao vivo pelas redes socioais e veras o que ela viu,animais lindos ,saudáveis e com acompanhamento veterinario 24 horas,mais de 40 veterinários de plantão na festa do peão de barretos 2015
841;1;	faça como a senhora Ana dos animais, tambem assista um rodeio profissional e veras que não existe esses maus tratos que voce imagina.
842;1;	só na festa que vc foi que vc viu sofrimento,,pois ja existe uma lei que protege os animais de maus tratos de 2002
843;2;	vai criar vergonha na cara voce,,onde e quando voce viu animais sendo mau tratados,,se viu porque não denunciou,,ja existe uma lei federal que protege eles de maus tratos desde 2oo2.
844;1;	queria deixar os parabéns para a Ana do animais por ter assistido o rodeio de barretos e comprovado com seus olhos que rodeio não mau trata animal,,tenho certeza que a senhora gostou do que viu,animais lindos ,saudáveis e com acompanhamento veterinário 24 horas animais esses que ja teriam sidos abatidos a muito tempo se não fossem de rodeio.parabéns pela iniciativa,rodeio legal não mau trata animal.
845;1;	O rodeio não maltrata os animais, todas as vezes que vou ao rodeio nunca vi anumal ferido ou morto . O rodeio não pode acabar.
846;1;	Salud, cowboy. buenas noches.
847;1;	Buenas
848;1;	Aah Leon !mais você chinga também cara hauahauahau. Sê é foda boiadeiro. Tamujunto amigão ! # conosco não tem enrosco
849;1;	Valeu, boiadeiro, firma o gorpe, bruto.
850;1;	Ai o geito é capa boiadeiro hauahau
851;1;	Também queria deixar meus parabéns a senhora Ana dos Animais por ter assistido o rodeio de barretos e conferido com seus própris olhos que nenhum animal saiu ferido ou mal tratado do rodeio,,o rodeio ainda continua até dia 30 e outros ativistas deveriam fazer a mesma coisa que a senhora Ana fez,,conhecer e olhar com seus olhos como são saudáveis e bem tratados esses animais ,tambem verão assistencia veterinaria 24 horas durante todo evento.
852;1;	parabéns Ana dos animais,,pois voce fez o certo,assitiu o rodeio de barretos e pode ver com seus proprios olhos que não teve maus tratos alguns,,o rodeio continua até dia 30 e quem quiser acompanhar também poderá conferir como são tratados os animais de rodeio
853;1;	ai sim dona ana,,dessa vez voce pode conferir que até agora ja se passaram 7 dias de evento e nenhum saiu machucado ou ferido da festa de barretos
854;1;	Também queria deixar aqui meus parabens a senhora Ana dos Animais,,por ter assistido o rodeio de barretos,assim ela poderá contar a todos o que viu,animais sadios e com vida de atletas,,com acompanhamento veterinario,comida farta e transportes de otima qualidade, e nhum animal saiu ferido durante esses 5 dias de festa e vão continuar sendo muito bem cuidados até domingo
855;1;	Parabéns mesmo Ana dos animais,,assistiu o rodeio de barretos,,porque sera que agora voce não da seu depoimento do que viu,,sera que voce viu varios veterinarios de plantão 24 horas,,sera que vc viu as instalaçoes onde os animais são recebidos,,sera que voce viu como são bem cuidados os animais,,sera que voce viu que não são usados nenhum equipamento que fere os animais,,porque sera que agora voce não da seu depoimento,,fale a verdade do que viu,,sem mentiras,,as mesmas verdades do que todos que estavam lá viram.
856;1;	Parabéns dona Ana dos animais,,agora sim a senhora fez a coisa certa,,assistiu o rodeio de barretos e tenho certeza que viu a mesma coisa que a gente viu,,animais saudaveis com vida de atleta,,transportados em caminhoes modernos e com acompanhamento veterinario 24 horas,,com certeza viu quantos veterinarios estavam de plantão por todo evento,,talvez seria importante vc dar seu depoimento e falar o que realmente viu.
857;1;	é isso ana,,assistiu o rodeio de barretos e com certeza viu os animais mais bem tratados que ja viu na sua vida
858;1;	parabéns dona ana se todos ativistas fizessem como a senhora o mito que animais de rodeio são mal tratados acabaria,,viu a casa do veterinario que tem dentro do recinto de barretos com mais de 4o veterinarios em turno de 24 horas para proteger e cuidar da integridade fisica dos animais,,conte para outras pessoas o que viu,,assim realmente estará judando animais a não serem condenados ao abate.
859;1;	ta vendo como as coisas não como vc pensava,, animais bem tratados e com acompanhamento veterinario 24 horas
860;1;	façam como a dona fez assistam tambem um rodeio ao vivo e vejam como são bem tratados os animais
861;1;	parabéns pela iniciativa ana,aasim pode contar para outras pessoas que acham que animais de rodeio são maus tratdos que isso não existe..conte quantos veterinários estavam trabalhando nos fundos dos bretes para cuidar da integridade fisica dos animais,fale o que realmente viu.
862;1;	conforme o proprio depoimento da Ana dos Animais ele assistiu o rodeio de barretos,,que legal,assim ela pode ver como são tratados os animais de rodeio e deve ter visto que animal não tem seus testiculos apertados e nem foram feridos por esporas pontiagudas.. tambem deve ter visto como são saudaveis os animais de rodeio.
863;1;	Parabéns Ana dos Animais,isso sim é uma iniciativa legal,,vc assistiu o rodeio de barretos pela internet,,assim pode ver como são saudáveis e bem tratados os animais de rodeio,,de seu depoimento dos animais que voce viu,assim voce estaria sendo sincera e verdadeira,,animais saudaveis com vida longa,e sem mal tratos nehum,,eu tambem estive por lá e amei o que vi .
864;1;	que legal,a Ana dos animais assistiu o rodeio de barretos,,ta vendo como rodeio não mal trata animais,,viu como são lindos e bem cuidados os touros de rodeio,,bela iniciativa,todos deveriam fazer a mesma coisa,,viu como não existe os mal tratos que voce tanto falava.
865;1;	parabéns ana dos animais,,até enfim vc assistiu um rodeio legal e viu que rodeio não mal trata animais..parabéns pela iniciativa,,ta vendo como as coisas não são como os outros falam
866;1;	até que enfim a ana dos animais assistiu um rodeio,agora ela viu que rodeio legal não mal trata animal,,porque será que agora ela não deu o depoimento sobre o assunto
867;1;	demorou mas vc assistiu um rodeio,,viu como rodeio legal não mal trata animal..da seu depoimento agora,,fala sobre isso
868;1;	parabéns ana pela iniciativa de assistir o rodeio de barretos,,ta vendo como voce estava equivocada em falar que animais de rodeio são mal tratados,,viu como são lindos e saudaveis os touros e cavalos de rodeio..parabéns,
869;1;	isso sim foi legal senhora ana,,assistir o rodeio antes de falar coisas sem saber,,assim vc pode ver com seus proprios olhos como são lindos e saudaveis os animais de rodeio,,com certeza não era isso que vc imaginava.
870;1;	parebéns dona ana,,por ter assistido o rodeio outras pessoas devem fazer como a senhora,assim tambem poderão ver como são tratados e como vivem esses animais e verem como não existe esses tão falados maus tratos.
871;1;	a senhora ana dos animais assistiu o rodeio de barretos pela internet,,com certeza ela viu como são lindos e saudaveis os animais de rodeio agora falta vc cinderela !!!
872;1;	que legal até que enfim assistindo rodeio,ta vendo como rodeio não mal trata animal,,aprendeu !!!!!
873;1;	Chega de mentiras,rodeio não mal trata animais
874;1;	realmente,chega de mentiras quem não conhece deveria conhecer como vivem e como são tratados animais de rodeio
875;1;	Animais tratados com muito carinho,,a era do sofrimento ja foi a anos
876;2;	e vc cuida como de seus animais,,varias pessoas que quiseram ver ao vivo e vc se esconde,,vamos trocar conhecimento nos mostre como cuida dos seus e teremos o maior prazer de te mostrar como cuidamos dos nossos
877;1;	cultura,cada um tem a que gosta ou a que foi criado,devemos respeitar as diferenças
878;1;	muitas pessoas falam coisas sem conhecer de perto,,conheçam como vivem esses animais e se surpreendam
879;1;	valeu povo sertanejo que compareceu em massa na maior festa sertaneja da america latina,,essa semana tem mais
880;1;	valeu capitão augusto seu nome foi lembrado com muito carinho na maior festa sertaneja da america latina,barretão e a festa continua
881;1;	quem não gosta deveria pelo menos respeitar,,passaram por barretos nos quatro dias 287.000 mil pessoas,então tem muita gente que gosta
882;2;	oh seu babaca e voce sabe qual outro destino para gado de corte se não for abate ????
883;1;	Apoiado e não tem maus tratos animais, zé povim que não sabe de merda nenhuma e fica falando o que não deve se funk é cultura e rodeio moda raiz e não é cultura, brasileiro é o diabo essas praga tão tudo fudido sem cultura...
884;1;	Apoiado, eu também . Por isso que sou contra vaquejada, tourada, laço de bezerro, rinha de galo, briga de cachorro, etc..., Só gosto de rodeio em touros e cavalos, por que, quem se lasca, é, o homem.
885;1;	respeitando a opinião de quem pensa ao contrário,mais eu apoio essa iniciativa.
886;1;	Parabéns  humildade.
887;2;	Fake è, a sua vida pervertida, Sacomina  que se permite que seu anorretal seja empaletado, matando o pai de desgosto, falando mau dos mèdicos brasileiros, favorável ao escracho da Santa Imagem de Cristo, defendendo legalizaçaõ de drogas, nas redes sociais  isto sim é fake moral, guria.
888;1;	Estou aqui argumentando como acadêmica de Medicina Veterinária, por gostar da prática e sempre querer saber mais sobre assuntos que interferem na sociedade. Algumas pessoas que hoje se colocam contra a prática do rodeio não faz ideia do que está por trás de cada profissional que ali está envolvido. Então desde já, peço aos que ainda não procuraram saber sobre o assunto, que leiam artigos, matérias em revistas conhecidas e de credibilidade, que ouçam veterinários que lidam nessa área, já que a Medicina Veterinária é tão vasta e depois dê o parecer. O rodeio é uma cultura muito antiga e muito bonita, que deve ser respeitada.
889;1;	valeu capitao,,o povo sertanejo está do seu lado
890;2;	doente mental que sai repetindo coisas que desinformados falam, ta igual mariquinha falando coisas sem saber!!!
891;2;	"Sujeito feio e burro, não sabe nem a qual sexo pertence  colocou femenino no perfil, kkk, e ainda quer entender de rodeio. O sedém vai na virilha, e não no testículo, estúpido. ""Adalberta''. "
892;2;	61 anos nas costas, e ainda não tomou vergonha na cara em ficar caluniando os outros, esse não tem mais jeito  o capeta já está esperando. Acesse o portal G1-Globo.com, e veja com seus próprios olhos, onde o sedém fica posicionado, véio, longe do saco do touro  depois vá consultar seu geriatra.
893;2;	burro,idiota e imbecil é voce,,quando e onde voce viu um animal com o saco apertado,,não fale coisas sem aber
894;2;	vc deve ser criado com avó rapaz,,vá procurar sua turma,,vira homem,,se não gosta respeite quem gosta,,vá fazer alguma coisa utíl para a humanidade e pare de se preocupar com o rodeio
895;2;	como voce é babaca,,cada hora fica arrumando uma desculpa,vai procurar sua turma,com certeza não é essa.
896;2;	vai procurar sua turma e deixa de ser babaca,,esse não é seu mundo
897;2;	vai te catar franguinho,,cada hora voce vem com alguma desculpa,,enquanto vc fica discutindo estamos indo para o segundo maior rodeio do mundo,tchauu
898;2;	Onde? quando? prá quem? Não vale píres de leite pro gatinho.
899;2;	Falando nisso: você se chama mesmo Sacoman? você e mesmo de Maringá? amo esta cidade, uns dos melhores rodeios do nortão do Paraná  terra dos Cowboys Forever.
900;2;	Hipocrisia: defendeu o escracho da imagem de Cristo  ( lembra-se? vc sabe do que eu tô falando! aham!?) e vem falar de Deus. #Mexicumigonao.
901;2;	cala tua boca rapaz,,quer meu endereço podemos conversar ao vivo a hora e quando vc quiser
902;2;	vai procurar sua turma ,babaca.esse projeto não é voltado para voce,,vira homem,, e procure coisas que voce gosta.
903;2;	deixa de ser babaca,,quer meu endereço e meu telefone ?? podemos debater ao vivo se voce quiser
904;2;	quem é fake aqui seu otário,quer meu endereço,,podemos debater ao vivo,,
905;1;	quem critica deveria conhecer,como vivem,como são tratados e para onde vai os animais que não são selecionados para o rodeio.
906;1;	"Bom dia guerreiro!, tamo firme no pé do eito. Passando por aqui para saudar os amigos de fé  como diz você: ""Amizade boa, é amizade bruta"" "
907;1;	Rodeio é muito bom , familiar sertanejo e cuida bem dos animais eu apoio traz alegria e incentiva mais o esporte o brasil precisa cada vez mais de esporte saudável.
908;1;	Olha pelo lado bom.. todos os animais de rodeio são bem tratados com ração, sombra e agua fresca... unica coisa que eles tem que fazer é pular com o cara em cima.
909;2;	moi de fela da puta vao tomar no cú moi de besta fera isso n é exploraçao é cultura mais, quem critica nao conhece, quem conhece ama por isso eu apoio vaquejada
910;2;	vai procurar sua turma seu babaca..se não gosta respeite quem gosta,,a guerra começa onde acaba o respeito,,seu otário
911;2;	se não gosta ,respeita quem gosta seu babaca,respeito é bom e conserva os dentes,,ninguém aqui vai na sua te falar do que voce tem gostar,,otário
912;2;	seu imbecil,,se não gosta ,respeita quem gosta,,ninguém faz nada com seu dinheiro,,seu babaca
913;2;	so se for rola pra voce que deve gostar muito,,seu babaca,,se não gosta respeita quem gosta,,ninguém te deve nada ,vai cuidar da sua vida seu otário
914;2;	babaca,é o que define você.
915;1;	Amamos o esporte com também amamos os animais #VaquejadaÉCultura #EuApoioAVaquejada
916;2;	voce deve um babaca mimadinho,se conhecesse não falava essas coisas
917;2;	sai daqui sua hipócrita... quando comecei comentar aqui você falava palavrões com total falta de respeito... e agora que pagar de educada... vai si fizer... vc pode ter apagado os comentários... mas eu não esqueci sua hipócrita
918;2;	é burra mesmo ou si faz para sobreviver, os seus comentários você apaga à hora que você quiser sua otaria... e ser importante para você... eu tenho o prazer de não ser.... mas para a minha boiada sou importante... senão eles já teriam virado almoço à muito tempo!
919;2;	os únicos que criam perfis fake aqui são vocês otário... nos temos mais o que fazer.... não somos uns atoa como vocês não... que fica ai entrometendo em coisas que vocês não tem nada a ver e nem vai mudar nada para vocês
920;2;	perdemos nao entra no facebook do cap augusto pra vc ver e bosta e voc^^e
921;1;	Valeu capitão augusto tem muita gente que não gosta,mas tem muita gente que gosta seu nome sera lembrado na segunda maior festa sertaneja do mundo
922;1;	Valeu Capitão Augusto o povo sertanejo está do seu lado,,quem critica não conhece,quem conhece ama
923;1;	Parabéns capitão Augusto o povo sertanejo está do seu lado
924;1;	Parabéns Capitão augusto,tem muita gente que não gosta ,mas tem muita gente que gosta e com certeza seu nome sera lembrado na segunda maior festa sertaneja do mundo.Barretos.
925;1;	Parabéns Capitão Augusto por olhar para o povo sertanejo,tem quem não gosta liga não,,seu nome sera lembrado na maior festa sertaneja da américa latina a semana que vem
926;1;	Parabéns capitão Augusto
927;2;	a unica bosta aqui deve ser voce
928;2;	A unica bosta por aqui com certeza é voce,,quem voce pensa que é para chamar pessoas de bosta,,alguém aqui come com seu dinheiro,sua babaca
929;2;	quem é voce para chamar alguém de bosta,,por acaso é voce quem paga nossas contas,,por acaso ja foi visitar de perto como são tratados touros e cavalos de rodeios sua idiota,,se não conhece não julgue sua babaca
930;2;	por como voce trata as pessoas da para imaginar como deve tratar os animais.
931;2;	uma pessoa que trata outras por bosta,,deve ajudar quem ? ainda se diz ser protetora de algo.
932;2;	Por mais inteligente que alguém possa ser , se não for humilde,o seu melhor se perde na arrogância.A humildade ainda é a parte mais bela da sabedoria
933;2;	quanta arrogância e falta de educação,por acaso alguém vive com seu dinheiro.
934;2;	com certeza a unica bosta daqui é voce,uma pessoa que trata seres humanos de bosta imagina como deve tratar seus animais sua bosta !!!!!
935;2;	quem voce pensa que é para chamar alguém de bosta,,a unica bosta por aqui com certeza só pode ser voce
936;1;	Parabéns capitão Augusto com certeza seu nome sera lembrado com muito carinho na maior festa sertaneja da América latina.
937;1;	"valeu capitão augusto,quem critica não conhece.quem conhece 'Ama"" "
938;1;	valeu capitão augusto por lembrar do povo sertanejo desse país.
939;1;	valeu Capitão augusto seu nome sera lembrado com muito carinho por todo interior do brasil
940;1;	Parabéns Capitão Augusto e obrigado por lembrar do povo sertanejo desse país,,lembraremos seu nome com muito carinho na segunda maior festa sertaneja do planeta
941;1;	Parabéns capitão augusto,por olhar para o povo do interior,seu nome sera lembrado com muito carinho na maior festa sertaneja da america latina,barretos 2015
942;2;	voce é só um mimadinho que não come carne e acha que todo mundo tem que ser como voce,esquece que a soja que voce come foi plantada onde com certeza era floresta e que muitos animais silvestres morreram par essas terras virarem terras de lavouras.
943;2;	 é cada comentário besta.. o Rachel Lins desmatar para criar gado não tem nada à ver com rodeio não.. quem cria bois de rodeios não precisa de grandes pastagens não!
944;2;	vai procurar sua turma,mimadinho que fala que todo mundo tem que comer soja,só porque voce só come frutas e vegetais. aprenda que cada um faz e come o que quer,não é voce que dita as regras par o mundo
945;2;	na sua mae eu monto... manda ela ficar de quatro!
946;2;	retardada deve ser voce,,quem daqui ja foi na sua casa te falar do que voce deve gostar,não te devemos nada,se não gosta não vá,mas respeite quem gosta.
947;2;	retardada deve ser voce que não sabe respeitar as pessoas,,quem é voce para chamar alguém de retardado,,o que faz voce para ajudar alguém ou algum animal,,cuide da sua vida,não vamos na sua casa te falar o que é bom ou ruim para sua vida.
948;2;	talvez a unica retardada aqui é voce,, se não gosta aprenda a repeitar quem gosta ,não te devemos nada e não comemos com seu dinheiro,cada um gosta do que quiser,somos livres,,ninguém vai até voce te dizer o que é cultura ou ignorancia,,cuide da sua vida.
949;2;	Retardada é voce,, se não gosta respeite quem gosta,não vamos na sua casa te falar do que voce tem que gostar,montamos no que queremos,nao fazemos isso com seu dinheiro.
950;2;	é única retardada aqui é voce,sua sem educação,,se não gosta respeite quem gosta,,ninguém vai na sua casa te falar o que é certo ou errado,e quem é voce para chamar pessoas de retardadas.cuide da sua vida.
951;2;	retardada deve ser voce,quem voce pensa que é para chamar outras pessoas de retardadas,,sua retardadaaaaaaaaaa
952;2;	Não. A única umundiça aqi é você!
953;1;	Bom dia Povo !! Vi que os ânimos estavam bem exaltados ontem, que pena que estive ausente. Ana dos Gato a tendencia é que alguma provas que causam sofrimento seja realmente excluídas e eu acho justo porém as provas que não causam como as montarias não correm nenhum risco. Por outro lado esse tipo de pratica(laçar um bezerro de 40 dias e derrubar) vão continuar acontecendo 10,20,30 vezes mais que nos rodeios nas fazenda de manejo de gado, como você acha que um bezerro é pego para curar bixeira. Na cabeça de vocês e no desenho da Pepa Pig tudo é muito lindo, mas a realidade é bem diferente.
954;1;	Obrigado Capitão Augusto por lembrar do Povo sertanejo
955;1;	Parabéns capitão Augusto está chegando a maior festa sertaneja do America latina e seu nome sera lembrado por lá
956;1;	Parabéns Letícia por expor seu ponto de vista com idéias e não ofendendo e fazendo piadas como alguns pessoas do Não.
957;2;	ignorância é a sua,de falar coisas sem saber,por isso muita gente não gosta de rodeio,,onde é que voce viu um animal ter seus testiculos amarrados,vá ver de perto antes de vomitar palavras sem saber,se voce apertar o testiculos de animal ele deita e não pula,conheça,se quiser debater alguma coisa sobre esses eventos,,ninguém aqui vai na sua casa te falar o que é cultura e o que não é. Viva como voce gosta e deixe as pessoas fazerem o que gosta pois voce gostando ou não vamos continuar fazendo o que gostamos,não é da sua conta
958;2;	Quanta ignorância sua,,nos diga onde e quando voce viu algum animal com o saco amarrado,,se caso ver pode nos chamar que nos mesmo vamos ajudar voce a combater isso..conheça,informe se,antes de falar tanta besteira.
959;2;	quanta ignorância a sua,,por isso que as pessoas que votam sim não veem,justificativas nas suas palavras,,nenhum animal tem testiculos algum apertado,conheça antes de dar esses depoimentos ignorantes e irreais,conheça,informo-se,aprenda.
960;2;	Quem é você para chamar alguém aqui de ignorante,uma pessoa que acha que os animais tem os testículos apertados,conheça,informe-se,,e nem precisa se não quiser ,esse esporte é feito para quem gosta se voce não gosta o problema é seu,cuide da sua vida que da nossa cuidamos nós.não vamos na sua casa te falar do que voce tem que gostar.
961;2;	Quanta ignorância a sua,onde que voce viu algum animal com saco apertado,,conheça antes de falar, se não gosta respeite quem gosta,ninguém vai atras de voce para te falar do que voce tem que gostar.
962;2;	Ignorância a sua de achar que animais de rodeio tem o saco amarrado com corda,,onde e quando voce viu isso,é por causa de ignorantes como voce que o rodeio fica mal falado,conheça antes de falar ou vá procurar sua turma.
963;1;	Parabéns Capitão Augusto está chegando a maior festa do peão do Brasil e a segunda maior do mundo,,com certeza seu nome será lembrado com muito carinho.
964;1;	Parabéns Capitão Augusto está chegando maior festa sertaneja do Brasil e a segunda maior do mundo,estarei por lá com meus cavalos nas provas dos 3 tambores e com certeza seu nome será lembrado por nós com muito carinho.
965;1;	mais uma vez queria deixar meus parabéns para o capitão augusto ,a senhora Ana dos Animais acertou porque a votação aqui ficou equilibrada,,as pessoas sertanejas são pessoas mais simples e não sabem votar aqui direito,eu só consegui com a ajuda de um amigo se fosse uma coisa mais simples com certeza esse projeto teria uma votação muito maior a favor,mas votando ou não ou seu nome sera lembrando por todos eventos por onde a gente passar,gostamos do que fazemos e vamos continuar fazendo nos rodeios ou em outros lugares pois estamos em um pais livre e cada um vive como gosta,ninguém vai na casa de ninguém falar como devem viver e o que devem fazer.valeu capitão augusto.
966;1;	Capitão Augusto parabéns pela inciativa o mes de agosto é o mes que tem mais festa do peão por todo brasil,eventos esses que empregam milhares de familia ,sabemos que ja existem leis e regras para proteger os animais desde 2002,então sabemos que não estamos fazendo nada errado,o povo que gosta com certeza lembrará do seu nome por todos esses eventos.
967;1;	Capitão augusto,,parabéns pela inciativa,,estivemos em Rio Verde Goiás um dos maiores rodeios do país e agora estamos partindo para barretos a segunda maior festa do peão do mundo e com certeza seu nome será lembrado por lá com muito carinho independente de seu projeto ser aprovado ou não,mas valeu pelo carinho com o povo sertanejo,não sou do campo mas tenho minhas raízes todas voltadas a ele,,meu avó foi peão,meu pai foi adestrados de cavalos eu sou competidor em rodeios e meu filho ja é domador de cavalos tambem,muito obrigado por lembra de nosso povo,,querendo ou não as culturas são diferentes no mundo todo e cada um tem e vive na cultura que quer,sei que tem muita gente que não gosta,pois ninguém é obrigado a gostar somos um povo livre,,mas seria muito bom se respeitassem,pois toda guerra começa justamente onde acaba o respeito.
968;1;	valeu Capitão Augusto está chegando a segunda maior festa do peão do mundo festa essa que arrecada mais de 5 milhões de reais para o hospital do cancer todos os anos,independente de seu projeto ser aprovado ou não seu nome sempre será lembrado com muito carinho pelo povo sertanejo.
969;1;	Parabéns Capitão Augusto por lembrar do povo sertanejo,estamos em um país com o maior rebanho de animais do mundo,estimado em 210 milhões de bovinos,14 milhões de ovinos,35,2 milhões de suínos,14,2 milhões de caprinos,5 milhões de equinos então com certeza somos um país agrícola e com certeza esses eventos são voltados para o povo da terra, povo esse que gosta de interagir com animais,estaremos na segunda maior festa do peão do mundo e com certeza seu nome será bem lembrado por lá,independente de seu projeto ser aprovado ou não seu nome ficará guardado com muito carinho no povo sertanejo.
970;1;	Parabéns Capitao estaremos em barretos com a galera dos tambores e com certeza seu nome será bem lembrado por lá.
971;1;	Valeu capitão Augusto estivemos em Rio Verde Goias um dos maiores Rodeios do país e seu nome foi bem lembrado por lá.
972;1;	Parabéns capitão Augusto por lembrar do povo sertanejo,,estaremos esse mes na segunda maior festa do peão do mundo e com certeza lembraremos eu nome por lá
973;1;	Parabéns Capitão Augusto,estaremos no segundo maior rodeio do mundo em barretos e com certeza seu nome vai ser bem lembrado por lá
974;1;	Muito obrigado capitão augusto esse projeto realmente é voltado para pessoas mais simples,pessoas essas que ficam esquecidas no brasil,,realmente se o povão que gosta de rodeio soubessem votar ou ficassem na internet o dia inteiro,,essa votação ja tinha chegado a milhares e milhares,só na festa de barretos ja foram vendidos mais 180 mil ingressos ,acredito que passarão por lá mais 500 mil pessoas nos 10 dia de festa e com certeza seu nome será bem falado por lá.eu estarei por lá e com certeza serei um dos maiores divulgadores do seu nome.
975;1;	Parabéns capitão Augusto,, cutura cada um tem a que gosta ou a que foi criado e é essa é a nossa cultura,quem não gosta deveria ao menos respeitar quem gosta.
976;1;	Voce tem razão Ana dos Animais e haroldo Girafalles,melhor sair do que falar besteiras e coisas sem conhecer,,faça um favor ,,vá procurar sua turma ou vá aprender como vivem,como são tratados e para onde iriam os animais se não fossem para o rodeio.
977;2;	Só na sua cabeça de vento,,os que estão vivos tambem serão abatidos ,,voce tem noção de quanto custa cada cabeça por mes para seus proprietários,,e quem gastaria tanto dinheiro com animais parados,,seria bom se fosse real..as propriedades rurais dão pouco lucro e as despesas tornariam cara demais..voce não entende nada desse mundo,,sai fora vai procurar sua turma..pra mim voce é uma pessoa solitária querendo atenção e achou essa atenção com os cowboys,,mas saiba que tem outras maneiras de ganhar atenção,não precisa ficar o tempo todo falando mal do rodeio,,converse outras coisas,daremos a atenção que voce quer sem brigar.
978;2;	Haroldo a questão ai é diferente meu caro ou você é burro de verdade ou se faz, ninguém cria um animal de uma tonelada por que acha bonito é obvio que os que o fazem usam esses animais para algo, no caso dos tropeiros são animais de rodeio. Caso o rodeio não exista mais, os tropeiros não teriam mas motivo e nem condições para manter esses animais que seriam abatidos.
979;2;	oh cara vai procurar o que fazer maluco,,sai fora ,,se voce não gosta.procure para voce o que voce gosta,,no meu caso eu gosto,eu adoro ,eu amo,e não é problema seu se é cultura sua ou não,,procure sua turma,deixe os outros em paz,,vire homem e pare de se entrometer onde não é chamado,se não gosta é só não ir,,as festas de peão não são feitas para pessoas como voce,,voce muito delicadinho para gostar desse tipo de festa.vai fazer alguma coisa,,olha ai nesse site só da vc,,não trabalha não..cuide da sua vida ..vai trabalhar !!!
980;2;	Energúmeno, a sua opinião eu quero que se foda, o que importa é que tem Marruco pulando alto, tem moda boa , tem cerveja gelada e tem diversão , VIVA os Rodeios e VIVA as Festas de Peão!!!
981;2;	Concordo contigo energúmeno não são todas as pessoas que vão na festa de peão por causa do rodeio, cada um elege como evento principal aquilo que acha melhor na festa de peão, na minha opinião e sei que de mais um monte de gente o evento principal é o rodeio.
982;2;	o professor girafales volta pra Villa, vai cuidar da dona Florinda e dar aula pro Chaves.
983;2;	o único imbecil, retardado, doente mental aqui é você, como eu já disse em outro comentário, todos os os rodeios os quais eu frequento inclusive Barretos, não cabe o público dentro das arenas devido o público ter crescido muito, para de conversa fiada ze ruela, papel ou Internet aceita qualquer informação, mesmo que falsa.
984;2;	Olha a pessoa que usa até o nome falso voltou,,o que vamos esperar de uma mulher que usa nome de homem.
985;2;	Talvez voce realmente não conheça nada de animais,,tenho alguns cavalos em minha propriedade que fazem prova dos 3 tambores em rodeios, e se quiserem conferir de perto como são tratados as portas estao abertas para voce e qualquer outro que votu não,,não vou parar de criar esses animais só porque quer,,quem é voce ? o que faz para ajudar animais e pessoas carentes ?? então não venha voce falar que todos os animais são mau tratados.. com certeza voce não vai vir até meu sitio pois como uma mulher com nome de homem iria se apresentar. acho que voce deveria cuidar mais da sua vida antes de ficar falando coisa sem saber,,se voce não gosta é problema seu interagimos com animais a milhares de anos,,no meu caso desde de criança e gosto do que faço,,não vou na sua casa te falar do que voce tem que gostar,imagina se eu fosse ai te falar o que voce tem que fazer ou para voce conviver com cavalos o dia todo,com certeza voce não iria gostar..então vamos respeitar quem gosta,,somos livres ou tambem esqueceu disso.
986;2;	e você girafales tem praticado muito a pesca esportiva? fico pensando como é mutilar a boca de um animal e depois soltar dinovo sem saber si ele vai conseguir sobreviver, conte mais um pouco de pesca esportiva pra gente.
987;2;	e voce faz o que para ajudar animais ou humanos carentes ??? então vai cuidar da sua vida se não gosta aprenda a respeitar quem gosta.. se quer ajudar vá a africa ajudar crianças que estão comendo barro com agua e sal,ou vá no nordeste onde animais se alimentam apenas de palmas..cada um tem a cultura que quer..se voce gosta ou não é problema seu,,ninguem vai na sua casa te falar como e onde voce tem que viver.
988;2;	mas infeslizmente não é como voce quer,,muitos animais são usados em muitos esportes diferentes,,joguei clube,polo,corrida de cachorro,corrida de camelo,esportes com cachorros e etc.. se não gosta respeite quem gosta,interagir não é mal tratar o que conhece voce do mundo animal ??
989;2;	São babacas preconceituosos e invejosos como esse que votam NÃO
990;2;	Ala mais um vez o babacão ficou sem argumentos e apelou para ofensa e piadas da 4ª série, vamos la cara vamos debater o que faz o hipismo um esporte diferente do Rodeio.
991;2;	o Adauto vamos perder tempo com esse doente mental não, o Adauto mas aqui nas cidades de MG onde frequento si voce chegar as 8 horas ja não si consegue ver os rodeios porque as arquibancadas ja estão lotadas... quanto ao doente mental ai, quando citamos fatos verídicos ele não comenta é ai ja faz outro comentário acima com uma nova besteira.
992;1;	A evoluçao natural nos ensinou a respeitar as diferenças dos humanos,,evolua voce tambem e respeite os gostos alheios.cada um gosta do quer,,existem homens que gostam de homens,mulheres que casam com mulheres,uns gostam de drogas ,outros de bebida,uns comem carne outros soja,,e voce tem o que com isso ??se evolua e aprenda a cuidar da sua vida.
993;2;	La vem a idiota de novo que deve amar os peoes,,ta vendo que não vai mudar a opinião de ninguem por aqui,,gostamos de interagir com animais sua babaca e não vai ser voce que vai mudar,,canadá,australia e EUA,são muito mais desenvolvidos que o brasil e também existem rodeios,inclusive os maiores do mundo,,nas olimpiadas existem esporte com animais,,as corridas de cavalos e cachorros tambem usam animais, e voce vai encher o saco de alguém..cuida da sua vida ,,se quer ajudar,ajude quem precisa de verdade.pare de ser babaca e usar nome de homem,,olha bem para voce é uma mulher que quer usar nome de homem,,talvez queira ser homem e alguem fica te criticando..cada um faz o que quer até mesmo ser uma mulher e querer ser homem,,é problema seu.
994;2;	A idiota voltou,,uma hora como Ana outra como Haroldo,,nem seu nome sabe direito,nem sabe se homem ou mulher,,vai cuidar da sua vida,, se quer ajudar animais comece pelo sertão do nordeste lá morrem milhares de fome todo ano,,voce ja foi lá ajudar algum ?? ,Ja foi nas olimpiadas tambem falar para eles libertarem os cavalos de salto ou nos jogueis pedir para libertarem os cavalos de corridas,,foi também nos campeonatos de cross country que usam cachorros,,então vá,,la tambem existem animais que precisam serem libertados.
995;2;	Babaca!
996;2;	Vergona é uma pessoa ficar querendo que as outras vivem como ela vive,,cuide da sua vida e aprenda voce a respeitar s diferenças,, não é voce que vai definir o que cada tem que fazer.. cuide mais da sua vida e deixe a dos outros em paz,não é voce falando que vai convencer alguém a gostar do que voce gosta.saiba respeitar as diferenças..todo mundo ja percebeu que seu problema não é o animal e sim as festas de peão..se gosta de ajudar animais comece pelos que precisam de verdade,os de rodeio ja são muito bem tratados.
